Species,Max_Length_mm,Longevity_years,Feeding_mode,Living_habit,Mobility,Substratum,Skeleton
Hediste diversicolor,120,3,omnivore,burrower,crawler,soft_sediment,none
Alitta virens,400,6,predator,burrower,crawler,soft_sediment,none
Alitta succinea,100,2,omnivore,burrower,crawler,soft_sediment,none
Platynereis dumerilii,50,2,omnivore,free_living,crawler,mixed,none
Perinereis cultrifera,120,3,omnivore,burrower,crawler,soft_sediment,none
Nereis pelagica,120,3,predator,free_living,crawler,hard_substrate,none
Nereis zonata,80,2,predator,free_living,crawler,mixed,none
Ceratonereis costae,60,2,omnivore,free_living,crawler,mixed,none
Websterinereis glauca,50,2,predator,free_living,crawler,soft_sediment,none
Micronereis variegata,15,1,omnivore,free_living,crawler,mixed,none
Spio filicornis,30,1,surface_deposit_feeder,tube_dweller,limited_swimmer,sand,none
Spiophanes bombyx,40,2,surface_deposit_feeder,tube_dweller,limited_swimmer,sand,none
Polydora ciliata,30,1,surface_deposit_feeder,burrower,sessile,hard_substrate,none
Polydora cornuta,25,1,surface_deposit_feeder,burrower,sessile,mud,none
Pygospio elegans,15,1,surface_deposit_feeder,tube_dweller,limited_swimmer,sand,none
Scolelepis squamata,60,2,surface_deposit_feeder,burrower,crawler,sand,none
Scolelepis foliosa,50,2,surface_deposit_feeder,burrower,crawler,sand,none
Malacoceros fuliginosus,40,1,surface_deposit_feeder,burrower,crawler,mud,none
Marenzelleria viridis,100,3,surface_deposit_feeder,burrower,limited_swimmer,soft_sediment,none
Prionospio fallax,30,1,surface_deposit_feeder,tube_dweller,limited_swimmer,mud,none
Prionospio steenstrupi,25,1,surface_deposit_feeder,tube_dweller,limited_swimmer,mud,none
Aonides paucibranchiata,20,1,surface_deposit_feeder,tube_dweller,limited_swimmer,sand,none
Laonice cirrata,40,2,surface_deposit_feeder,tube_dweller,limited_swimmer,mud,none
Spiophanes kroyeri,35,2,surface_deposit_feeder,tube_dweller,limited_swimmer,soft_sediment,none
Dipolydora coeca,20,1,surface_deposit_feeder,burrower,sessile,mud,none
Streblospio shrubsolii,15,1,surface_deposit_feeder,tube_dweller,sessile,mud,none
Capitella capitata,60,1,deposit_feeder,burrower,burrower,mud,none
Capitella minima,20,1,deposit_feeder,burrower,burrower,mud,none
Heteromastus filiformis,100,3,deposit_feeder,burrower,burrower,mud,none
Mediomastus fragilis,30,2,deposit_feeder,burrower,burrower,mud,none
Notomastus latericeus,150,4,deposit_feeder,burrower,burrower,soft_sediment,none
Notomastus lineatus,120,3,deposit_feeder,burrower,burrower,soft_sediment,none
Dasybranchus caducus,200,5,deposit_feeder,burrower,burrower,mud,none
Capitellides giardi,15,1,deposit_feeder,burrower,burrower,sand,none
Peresiella clymenoides,40,2,deposit_feeder,burrower,burrower,mud,none
Lanice conchilega,300,5,suspension_feeder,tube_dweller,sessile,sand,none
Amphitrite johnstoni,250,5,deposit_feeder,tube_dweller,sessile,soft_sediment,none
Amphitrite cirrata,200,4,deposit_feeder,tube_dweller,sessile,soft_sediment,none
Polycirrus medusa,80,3,deposit_feeder,tube_dweller,sessile,mud,none
Polycirrus caliendrum,60,2,deposit_feeder,tube_dweller,sessile,mud,none
Terebellides stroemii,50,3,deposit_feeder,tube_dweller,sessile,mud,none
Nicolea venustula,40,2,deposit_feeder,tube_dweller,sessile,soft_sediment,none
Pista cristata,100,3,deposit_feeder,tube_dweller,sessile,mud,none
Thelepus cincinnatus,150,4,deposit_feeder,tube_dweller,sessile,soft_sediment,none
Streblosoma bairdi,60,2,deposit_feeder,tube_dweller,sessile,mud,none
Sabella pavonina,250,5,filter_feeder,tube_dweller,sessile,soft_sediment,none
Sabella spallanzanii,400,6,filter_feeder,tube_dweller,sessile,soft_sediment,none
Myxicola infundibulum,200,4,filter_feeder,tube_dweller,sessile,mud,none
Bispira volutacornis,100,3,filter_feeder,tube_dweller,sessile,hard_substrate,none
Branchiomma bombyx,80,2,filter_feeder,tube_dweller,sessile,mixed,none
Megalomma vesiculosum,120,3,filter_feeder,tube_dweller,sessile,soft_sediment,none
Euchone rubrocincta,30,2,filter_feeder,tube_dweller,sessile,mud,none
Jasmineira elegans,25,2,filter_feeder,tube_dweller,sessile,mud,none
Chone duneri,20,1,filter_feeder,tube_dweller,sessile,soft_sediment,none
Fabricia stellaris,8,1,filter_feeder,tube_dweller,sessile,mixed,none
Phyllodoce lamelligera,100,3,predator,free_living,crawler,mixed,none
Phyllodoce lineata,60,2,predator,free_living,crawler,soft_sediment,none
Phyllodoce maculata,80,2,predator,free_living,crawler,mixed,none
Eulalia viridis,60,2,predator,free_living,crawler,hard_substrate,none
Eulalia bilineata,40,2,predator,free_living,crawler,hard_substrate,none
Eteone longa,80,2,predator,free_living,crawler,sand,none
Eteone flava,50,1,predator,free_living,crawler,sand,none
Phyllodoce mucosa,60,2,predator,free_living,crawler,mixed,none
Nereiphylla paretti,40,2,predator,free_living,crawler,hard_substrate,none
Glycera tridactyla,100,4,predator,burrower,burrower,sand,none
Glycera alba,80,3,predator,burrower,burrower,mud,none
Glycera rouxii,60,2,predator,burrower,burrower,soft_sediment,none
Glycera lapidum,50,2,predator,burrower,burrower,gravel,none
Glycera unicornis,90,3,predator,burrower,burrower,sand,none
Glycinde nordmanni,40,2,predator,burrower,burrower,mud,none
Nephtys hombergii,120,5,predator,burrower,burrower,sand,none
Nephtys caeca,100,4,predator,burrower,burrower,sand,none
Nephtys cirrosa,80,3,predator,burrower,burrower,sand,none
Nephtys longosetosa,60,2,predator,burrower,burrower,sand,none
Nephtys incisa,70,3,predator,burrower,burrower,mud,none
Nephtys hystricis,50,2,predator,burrower,burrower,soft_sediment,none
Arenicola marina,200,6,deposit_feeder,burrower,burrower,sand,none
Arenicola defodiens,250,7,deposit_feeder,burrower,burrower,sand,none
Arenicolides ecaudata,150,4,deposit_feeder,burrower,burrower,sand,none
Owenia fusiformis,100,3,suspension_feeder,tube_dweller,sessile,sand,none
Galathowenia oculata,50,2,suspension_feeder,tube_dweller,sessile,mud,none
Pectinaria koreni,50,2,deposit_feeder,tube_dweller,sessile,sand,none
Pectinaria auricoma,40,2,deposit_feeder,tube_dweller,sessile,mud,none
Lagis koreni,50,2,deposit_feeder,tube_dweller,sessile,sand,none
Amphictene auricoma,40,2,deposit_feeder,tube_dweller,sessile,mud,none
Ampharete acutifrons,30,2,deposit_feeder,tube_dweller,sessile,mud,none
Ampharete baltica,25,2,deposit_feeder,tube_dweller,sessile,mud,none
Melinna palmata,60,3,deposit_feeder,tube_dweller,sessile,mud,none
Melinna cristata,50,3,deposit_feeder,tube_dweller,sessile,mud,none
Sosane sulcata,30,2,deposit_feeder,tube_dweller,sessile,mud,none
Amphicteis gunneri,50,2,deposit_feeder,tube_dweller,sessile,mud,none
Cirratulus cirratus,120,4,deposit_feeder,burrower,crawler,mud,none
Cirriformia tentaculata,150,4,deposit_feeder,burrower,crawler,mud,none
Chaetozone setosa,30,2,deposit_feeder,burrower,crawler,mud,none
Caulleriella alata,20,1,deposit_feeder,burrower,crawler,mud,none
Aphelochaeta marioni,30,2,deposit_feeder,burrower,crawler,mud,none
Tharyx killariensis,20,1,deposit_feeder,burrower,crawler,mud,none
Dodecaceria concharum,30,2,deposit_feeder,burrower,sessile,hard_substrate,none
Lumbrineris latreilli,150,5,predator,burrower,burrower,soft_sediment,none
Lumbrineris gracilis,100,3,predator,burrower,burrower,soft_sediment,none
Lumbrineris tetraura,80,3,predator,burrower,burrower,mud,none
Scoletoma impatiens,70,2,predator,burrower,burrower,soft_sediment,none
Augeneria tentaculata,60,2,predator,burrower,burrower,mud,none
Eunice harassii,200,5,predator,crevice_dweller,crawler,hard_substrate,none
Eunice pennata,150,4,predator,crevice_dweller,crawler,hard_substrate,none
Eunice vittata,100,3,predator,crevice_dweller,crawler,hard_substrate,none
Marphysa sanguinea,350,6,omnivore,burrower,crawler,soft_sediment,none
Marphysa belli,200,4,omnivore,burrower,crawler,soft_sediment,none
Lysidice ninetta,80,3,predator,crevice_dweller,crawler,hard_substrate,none
Nematonereis unicornis,60,2,predator,crevice_dweller,crawler,hard_substrate,none
Syllis gracilis,30,1,predator,free_living,crawler,hard_substrate,none
Syllis armillaris,20,1,predator,free_living,crawler,hard_substrate,none
Syllis prolifera,15,1,predator,free_living,crawler,hard_substrate,none
Typosyllis hyalina,12,1,predator,free_living,crawler,hard_substrate,none
Eusyllis blomstrandi,10,1,predator,free_living,crawler,hard_substrate,none
Exogone naidina,5,1,predator,free_living,crawler,mixed,none
Exogone hebes,8,1,predator,free_living,crawler,mixed,none
Sphaerosyllis hystrix,5,1,predator,free_living,crawler,mixed,none
Autolytus edwarsi,15,1,predator,free_living,crawler,hard_substrate,none
Myrianida pinnigera,20,1,predator,free_living,crawler,hard_substrate,none
Scoloplos armiger,100,3,deposit_feeder,burrower,burrower,sand,none
Orbinia sertulata,80,3,deposit_feeder,burrower,burrower,sand,none
Orbinia latreillii,60,2,deposit_feeder,burrower,burrower,soft_sediment,none
Phylo foetida,50,2,deposit_feeder,burrower,burrower,sand,none
Nicomache lumbricalis,100,3,deposit_feeder,tube_dweller,sessile,mud,none
Praxillella affinis,80,3,deposit_feeder,tube_dweller,sessile,mud,none
Euclymene oerstedii,70,2,deposit_feeder,tube_dweller,sessile,mud,none
Maldane sarsi,120,4,deposit_feeder,tube_dweller,sessile,mud,none
Rhodine loveni,60,2,deposit_feeder,tube_dweller,sessile,mud,none
Clymenura clypeata,50,2,deposit_feeder,tube_dweller,sessile,mud,none
Spirobranchus triqueter,30,5,filter_feeder,tube_dweller,sessile,hard_substrate,calcareous_tube
Spirobranchus lamarcki,25,4,filter_feeder,tube_dweller,sessile,hard_substrate,calcareous_tube
Hydroides norvegicus,20,3,filter_feeder,tube_dweller,sessile,hard_substrate,calcareous_tube
Hydroides elegans,15,2,filter_feeder,tube_dweller,sessile,hard_substrate,calcareous_tube
Serpula vermicularis,70,5,filter_feeder,tube_dweller,sessile,hard_substrate,calcareous_tube
Filograna implexa,10,2,filter_feeder,tube_dweller,sessile,hard_substrate,calcareous_tube
Protula tubularia,50,3,filter_feeder,tube_dweller,sessile,hard_substrate,calcareous_tube
Ditrupa arietina,40,3,filter_feeder,tube_dweller,sessile,gravel,calcareous_tube
Ficopomatus enigmaticus,25,3,filter_feeder,tube_dweller,sessile,hard_substrate,calcareous_tube
Spirorbis spirorbis,5,1,filter_feeder,tube_dweller,sessile,hard_substrate,calcareous_tube
Spirorbis tridentatus,4,1,filter_feeder,tube_dweller,sessile,hard_substrate,calcareous_tube
Janua pagenstecheri,3,1,filter_feeder,tube_dweller,sessile,hard_substrate,calcareous_tube
Harmothoe imbricata,50,3,predator,free_living,crawler,hard_substrate,none
Harmothoe impar,40,2,predator,free_living,crawler,mixed,none
Harmothoe extenuata,30,2,predator,free_living,crawler,hard_substrate,none
Lepidonotus clava,30,2,predator,free_living,crawler,hard_substrate,none
Lepidonotus squamatus,40,2,predator,free_living,crawler,hard_substrate,none
Gattyana cirrosa,50,3,predator,free_living,crawler,hard_substrate,none
Malmgreniella lunulata,20,1,predator,epizoic,crawler,mixed,none
Lagisca extenuata,50,3,predator,free_living,crawler,mixed,none
Pholoe inornata,15,1,predator,free_living,crawler,mixed,none
Sigalion mathildae,80,3,predator,burrower,crawler,sand,none
Sthenelais boa,100,3,predator,burrower,crawler,sand,none
Ophiodromus flexuosus,30,2,predator,free_living,crawler,mixed,none
Magelona mirabilis,60,2,surface_deposit_feeder,burrower,burrower,sand,none
Magelona filiformis,50,2,surface_deposit_feeder,burrower,burrower,sand,none
Magelona johnstoni,40,2,surface_deposit_feeder,burrower,burrower,sand,none
Chaetopterus variopedatus,250,5,filter_feeder,tube_dweller,sessile,soft_sediment,none
Sternaspis scutata,30,3,deposit_feeder,burrower,burrower,mud,none
Scalibregma inflatum,60,3,deposit_feeder,burrower,burrower,mud,none
Ophelina acuminata,40,2,deposit_feeder,burrower,burrower,sand,none
Ophelia borealis,50,2,deposit_feeder,burrower,burrower,sand,none
Ophelia limacina,60,2,deposit_feeder,burrower,burrower,sand,none
Travisia forbesii,40,2,deposit_feeder,burrower,burrower,sand,none
Flabelligera affinis,60,3,deposit_feeder,free_living,crawler,mud,none
Pherusa plumosa,50,2,deposit_feeder,free_living,crawler,mixed,none
Diplocirrus glaucus,30,2,deposit_feeder,free_living,crawler,mud,none
Aricidea minuta,15,1,deposit_feeder,burrower,burrower,mud,none
Aricidea cerrutii,12,1,deposit_feeder,burrower,burrower,mud,none
Paradoneis lyra,15,1,deposit_feeder,burrower,burrower,soft_sediment,none
Levinsenia gracilis,10,1,deposit_feeder,burrower,burrower,mud,none
Paraonis fulgens,20,1,deposit_feeder,burrower,burrower,sand,none
Sphaerodorum gracilis,15,1,predator,free_living,crawler,mixed,none
Tomopteris helgolandica,30,1,predator,free_living,swimmer,soft_sediment,none
Poecilochaetus serpens,50,2,surface_deposit_feeder,tube_dweller,sessile,soft_sediment,none
Trochochaeta multisetosa,25,1,surface_deposit_feeder,tube_dweller,sessile,mud,none
Polyphysia crassa,40,2,deposit_feeder,burrower,burrower,mud,none
Apistobranchus tullbergi,15,1,deposit_feeder,burrower,burrower,soft_sediment,none
Myriochele oculata,30,2,surface_deposit_feeder,tube_dweller,sessile,mud,none
Sabellaria spinulosa,40,5,filter_feeder,tube_dweller,sessile,hard_substrate,none
Sabellaria alveolata,40,5,filter_feeder,tube_dweller,sessile,hard_substrate,none
Pomatoceros triqueter,25,3,filter_feeder,tube_dweller,sessile,hard_substrate,calcareous_tube
Arenicola ecaudata,150,4,deposit_feeder,burrower,burrower,sand,none
Abra alba,25,3,deposit_feeder,burrower,limited_swimmer,mud,calcium_shell
Abra tenuis,15,2,deposit_feeder,burrower,limited_swimmer,mud,calcium_shell
Abra nitida,20,2,deposit_feeder,burrower,limited_swimmer,mud,calcium_shell
Abra prismatica,18,2,deposit_feeder,burrower,limited_swimmer,sand,calcium_shell
Angulus tenuis,25,3,deposit_feeder,burrower,limited_swimmer,sand,calcium_shell
Angulus fabula,20,3,deposit_feeder,burrower,limited_swimmer,sand,calcium_shell
Macomangulus tenuis,25,3,deposit_feeder,burrower,limited_swimmer,sand,calcium_shell
Macoma balthica,25,10,deposit_feeder,burrower,limited_swimmer,mud,calcium_shell
Macoma calcarea,30,10,deposit_feeder,burrower,limited_swimmer,mud,calcium_shell
Tellina donacina,25,3,surface_deposit_feeder,burrower,limited_swimmer,sand,calcium_shell
Tellina pygmaea,10,2,surface_deposit_feeder,burrower,limited_swimmer,sand,calcium_shell
Fabulina fabula,20,3,surface_deposit_feeder,burrower,limited_swimmer,sand,calcium_shell
Scrobicularia plana,55,15,deposit_feeder,burrower,limited_swimmer,mud,calcium_shell
Mytilus edulis,100,15,filter_feeder,attached,sessile,hard_substrate,calcium_shell
Mytilus galloprovincialis,120,10,filter_feeder,attached,sessile,hard_substrate,calcium_shell
Mytilus trossulus,80,8,filter_feeder,attached,sessile,hard_substrate,calcium_shell
Modiolus modiolus,200,50,filter_feeder,attached,sessile,mixed,calcium_shell
Modiolula phaseolina,15,3,filter_feeder,attached,sessile,hard_substrate,calcium_shell
Musculus discors,20,3,filter_feeder,attached,sessile,hard_substrate,calcium_shell
Crenella decussata,8,2,filter_feeder,attached,sessile,hard_substrate,calcium_shell
Cerastoderma edule,50,10,filter_feeder,burrower,limited_swimmer,sand,calcium_shell
Cerastoderma glaucum,40,6,filter_feeder,burrower,limited_swimmer,mud,calcium_shell
Acanthocardia echinata,80,10,filter_feeder,burrower,limited_swimmer,sand,calcium_shell
Acanthocardia tuberculata,90,10,filter_feeder,burrower,limited_swimmer,sand,calcium_shell
Parvicardium exiguum,15,3,filter_feeder,burrower,limited_swimmer,soft_sediment,calcium_shell
Parvicardium minimum,8,2,filter_feeder,burrower,limited_swimmer,mud,calcium_shell
Parvicardium scabrum,12,2,filter_feeder,burrower,limited_swimmer,sand,calcium_shell
Laevicardium crassum,60,10,filter_feeder,burrower,limited_swimmer,sand,calcium_shell
Ruditapes decussatus,80,15,filter_feeder,burrower,limited_swimmer,sand,calcium_shell
Ruditapes philippinarum,80,10,filter_feeder,burrower,limited_swimmer,sand,calcium_shell
Chamelea striatula,40,10,filter_feeder,burrower,limited_swimmer,sand,calcium_shell
Venus casina,40,15,filter_feeder,burrower,limited_swimmer,gravel,calcium_shell
Dosinia exoleta,50,15,filter_feeder,burrower,limited_swimmer,sand,calcium_shell
Dosinia lupinus,40,10,filter_feeder,burrower,limited_swimmer,sand,calcium_shell
Timoclea ovata,15,5,filter_feeder,burrower,limited_swimmer,gravel,calcium_shell
Clausinella fasciata,25,6,filter_feeder,burrower,limited_swimmer,gravel,calcium_shell
Gouldia minima,10,3,filter_feeder,burrower,limited_swimmer,gravel,calcium_shell
Tapes rhomboides,50,10,filter_feeder,burrower,limited_swimmer,sand,calcium_shell
Venerupis corrugata,50,8,filter_feeder,burrower,limited_swimmer,gravel,calcium_shell
Polititapes aureus,40,6,filter_feeder,burrower,limited_swimmer,mixed,calcium_shell
Callista chione,100,20,filter_feeder,burrower,limited_swimmer,sand,calcium_shell
Circomphalus casina,40,15,filter_feeder,burrower,limited_swimmer,gravel,calcium_shell
Ensis ensis,130,10,filter_feeder,burrower,limited_swimmer,sand,calcium_shell
Ensis siliqua,200,10,filter_feeder,burrower,limited_swimmer,sand,calcium_shell
Ensis minor,100,6,filter_feeder,burrower,limited_swimmer,sand,calcium_shell
Ensis arcuatus,150,8,filter_feeder,burrower,limited_swimmer,sand,calcium_shell
Pharus legumen,130,6,filter_feeder,burrower,limited_swimmer,sand,calcium_shell
Solen marginatus,140,6,filter_feeder,burrower,limited_swimmer,sand,calcium_shell
Mya arenaria,120,15,filter_feeder,burrower,sessile,mud,calcium_shell
Mya truncata,80,50,filter_feeder,burrower,sessile,mud,calcium_shell
Corbula gibba,15,3,filter_feeder,burrower,limited_swimmer,mud,calcium_shell
Pecten maximus,150,20,filter_feeder,free_living,limited_swimmer,sand,calcium_shell
Aequipecten opercularis,90,10,filter_feeder,free_living,swimmer,gravel,calcium_shell
Chlamys varia,60,8,filter_feeder,attached,sessile,hard_substrate,calcium_shell
Mimachlamys varia,65,8,filter_feeder,attached,sessile,hard_substrate,calcium_shell
Palliolum tigerinum,25,3,filter_feeder,free_living,limited_swimmer,gravel,calcium_shell
Ostrea edulis,120,20,filter_feeder,attached,sessile,hard_substrate,calcium_shell
Crassostrea gigas,200,30,filter_feeder,attached,sessile,hard_substrate,calcium_shell
Magallana gigas,200,30,filter_feeder,attached,sessile,hard_substrate,calcium_shell
Anomia ephippium,60,5,filter_feeder,attached,sessile,hard_substrate,calcium_shell
Pododesmus patelliformis,40,3,filter_feeder,attached,sessile,hard_substrate,calcium_shell
Donax vittatus,35,3,filter_feeder,burrower,limited_swimmer,sand,calcium_shell
Donax trunculus,40,4,filter_feeder,burrower,limited_swimmer,sand,calcium_shell
Donax variegatus,30,3,filter_feeder,burrower,limited_swimmer,sand,calcium_shell
Spisula subtruncata,30,5,filter_feeder,burrower,limited_swimmer,sand,calcium_shell
Spisula solida,50,10,filter_feeder,burrower,limited_swimmer,sand,calcium_shell
Spisula elliptica,30,5,filter_feeder,burrower,limited_swimmer,sand,calcium_shell
Mactra stultorum,60,8,filter_feeder,burrower,limited_swimmer,sand,calcium_shell
Mactra glauca,50,6,filter_feeder,burrower,limited_swimmer,sand,calcium_shell
Lutraria lutraria,130,15,filter_feeder,burrower,sessile,sand,calcium_shell
Arctica islandica,120,100,filter_feeder,burrower,limited_swimmer,mud,calcium_shell
Arca tetragona,50,10,filter_feeder,attached,sessile,hard_substrate,calcium_shell
Glycymeris glycymeris,80,80,filter_feeder,burrower,limited_swimmer,gravel,calcium_shell
Striarca lactea,15,3,filter_feeder,attached,sessile,hard_substrate,calcium_shell
Nucula nitidosa,15,5,deposit_feeder,burrower,limited_swimmer,mud,calcium_shell
Nucula nucleus,12,5,deposit_feeder,burrower,limited_swimmer,gravel,calcium_shell
Nuculana minuta,15,3,deposit_feeder,burrower,limited_swimmer,mud,calcium_shell
Yoldiella lucida,8,2,deposit_feeder,burrower,limited_swimmer,mud,calcium_shell
Phaxas pellucidus,40,3,filter_feeder,burrower,limited_swimmer,mud,calcium_shell
Hiatella arctica,40,50,filter_feeder,crevice_dweller,sessile,hard_substrate,calcium_shell
Barnea candida,65,5,filter_feeder,burrower,sessile,hard_substrate,calcium_shell
Pholas dactylus,120,8,filter_feeder,burrower,sessile,hard_substrate,calcium_shell
Petricolaria pholadiformis,60,5,filter_feeder,burrower,sessile,hard_substrate,calcium_shell
Thracia phaseolina,30,3,filter_feeder,burrower,limited_swimmer,mud,calcium_shell
Thracia convexa,40,4,filter_feeder,burrower,limited_swimmer,soft_sediment,calcium_shell
Astarte sulcata,30,20,filter_feeder,burrower,limited_swimmer,gravel,calcium_shell
Astarte borealis,35,25,filter_feeder,burrower,limited_swimmer,gravel,calcium_shell
Goodallia triangularis,5,2,filter_feeder,burrower,limited_swimmer,gravel,calcium_shell
Thyasira flexuosa,15,5,deposit_feeder,burrower,limited_swimmer,mud,calcium_shell
Mysella bidentata,5,2,filter_feeder,burrower,limited_swimmer,mud,calcium_shell
Kurtiella bidentata,5,2,filter_feeder,burrower,limited_swimmer,mud,calcium_shell
Tellimya ferruginosa,8,2,filter_feeder,epizoic,limited_swimmer,soft_sediment,calcium_shell
Montacuta substriata,5,2,filter_feeder,epizoic,limited_swimmer,soft_sediment,calcium_shell
Pandora albida,25,3,filter_feeder,burrower,limited_swimmer,mud,calcium_shell
Cochlodesma praetenue,25,3,filter_feeder,burrower,limited_swimmer,mud,calcium_shell
Lucinoma borealis,40,10,filter_feeder,burrower,limited_swimmer,soft_sediment,calcium_shell
Myrtea spinifera,20,5,filter_feeder,burrower,limited_swimmer,mud,calcium_shell
Littorina littorea,30,10,grazer,free_living,crawler,hard_substrate,calcium_shell
Littorina saxatilis,18,5,grazer,free_living,crawler,hard_substrate,calcium_shell
Littorina obtusata,15,3,grazer,free_living,crawler,hard_substrate,calcium_shell
Littorina compressa,12,3,grazer,free_living,crawler,hard_substrate,calcium_shell
Melarhaphe neritoides,8,3,grazer,free_living,crawler,hard_substrate,calcium_shell
Lacuna vincta,10,1,grazer,free_living,crawler,hard_substrate,calcium_shell
Lacuna pallidula,8,1,grazer,free_living,crawler,hard_substrate,calcium_shell
Nassarius reticulatus,35,8,scavenger,free_living,crawler,soft_sediment,calcium_shell
Nassarius incrassatus,15,4,scavenger,free_living,crawler,mixed,calcium_shell
Nassarius pygmaeus,10,3,scavenger,free_living,crawler,mud,calcium_shell
Tritia reticulata,35,8,scavenger,free_living,crawler,soft_sediment,calcium_shell
Tritia incrassata,15,4,scavenger,free_living,crawler,mixed,calcium_shell
Buccinum undatum,110,15,scavenger,free_living,crawler,mixed,calcium_shell
Colus gracilis,60,8,scavenger,free_living,crawler,soft_sediment,calcium_shell
Neptunea antiqua,150,15,predator,free_living,crawler,soft_sediment,calcium_shell
Nucella lapillus,40,6,predator,free_living,crawler,hard_substrate,calcium_shell
Ocenebra erinaceus,60,5,predator,free_living,crawler,hard_substrate,calcium_shell
Rapana venosa,120,10,predator,free_living,crawler,mixed,calcium_shell
Trophonopsis muricatus,30,3,predator,free_living,crawler,hard_substrate,calcium_shell
Natica alderi,15,3,predator,burrower,crawler,sand,calcium_shell
Euspira catena,30,5,predator,burrower,crawler,sand,calcium_shell
Euspira nitida,15,3,predator,burrower,crawler,sand,calcium_shell
Turritella communis,60,8,suspension_feeder,burrower,sessile,mud,calcium_shell
Aporrhais pespelecani,50,8,deposit_feeder,burrower,crawler,mud,calcium_shell
Gibbula magus,30,5,grazer,free_living,crawler,hard_substrate,calcium_shell
Gibbula cineraria,15,5,grazer,free_living,crawler,hard_substrate,calcium_shell
Gibbula umbilicalis,15,5,grazer,free_living,crawler,hard_substrate,calcium_shell
Gibbula pennanti,12,3,grazer,free_living,crawler,hard_substrate,calcium_shell
Steromphala cineraria,15,5,grazer,free_living,crawler,hard_substrate,calcium_shell
Jujubinus striatus,10,3,grazer,free_living,crawler,hard_substrate,calcium_shell
Calliostoma zizyphinum,30,5,omnivore,free_living,crawler,hard_substrate,calcium_shell
Patella vulgata,60,15,grazer,free_living,crawler,hard_substrate,calcium_shell
Patella depressa,50,10,grazer,free_living,crawler,hard_substrate,calcium_shell
Patella pellucida,20,3,grazer,free_living,crawler,hard_substrate,calcium_shell
Patella ulyssiponensis,60,10,grazer,free_living,crawler,hard_substrate,calcium_shell
Diodora graeca,40,5,grazer,free_living,crawler,hard_substrate,calcium_shell
Emarginula reticulata,20,3,grazer,free_living,crawler,hard_substrate,calcium_shell
Crepidula fornicata,50,10,filter_feeder,attached,sessile,hard_substrate,calcium_shell
Capulus ungaricus,50,5,suspension_feeder,attached,sessile,hard_substrate,calcium_shell
Rissoa parva,5,1,grazer,free_living,crawler,hard_substrate,calcium_shell
Rissoa membranacea,8,1,grazer,free_living,crawler,mixed,calcium_shell
Pusillina inconspicua,3,1,grazer,free_living,crawler,hard_substrate,calcium_shell
Alvania cancellata,5,1,grazer,free_living,crawler,hard_substrate,calcium_shell
Alvania punctura,4,1,grazer,free_living,crawler,mixed,calcium_shell
Onoba semicostata,3,1,grazer,free_living,crawler,hard_substrate,calcium_shell
Barleeia unifasciata,3,1,grazer,free_living,crawler,hard_substrate,calcium_shell
Hydrobia ulvae,6,2,grazer,free_living,crawler,mud,calcium_shell
Peringia ulvae,6,2,grazer,free_living,crawler,mud,calcium_shell
Potamopyrgus antipodarum,5,2,grazer,free_living,crawler,mixed,calcium_shell
Bittium reticulatum,15,3,grazer,free_living,crawler,mixed,calcium_shell
Cerithiopsis tubercularis,8,2,predator,free_living,crawler,hard_substrate,calcium_shell
Marshallora adversa,8,2,parasite,free_living,crawler,hard_substrate,calcium_shell
Retusa truncatula,5,1,predator,burrower,crawler,mud,calcium_shell
Retusa obtusa,4,1,predator,burrower,crawler,mud,calcium_shell
Cylichna cylindracea,8,2,predator,burrower,crawler,mud,calcium_shell
Philine aperta,20,2,predator,burrower,crawler,mud,calcium_shell
Acteon tornatilis,25,3,predator,burrower,crawler,sand,calcium_shell
Aplysia punctata,200,2,grazer,free_living,crawler,hard_substrate,none
Elysia viridis,30,1,grazer,free_living,crawler,hard_substrate,none
Onchidella celtica,15,2,grazer,free_living,crawler,hard_substrate,none
Hinia reticulata,35,6,scavenger,free_living,crawler,soft_sediment,calcium_shell
Gammarus locusta,20,1,omnivore,free_living,swimmer,mixed,chitinous
Gammarus salinus,15,1,omnivore,free_living,swimmer,mixed,chitinous
Gammarus oceanicus,25,1,omnivore,free_living,swimmer,hard_substrate,chitinous
Gammarus zaddachi,15,1,omnivore,free_living,swimmer,mixed,chitinous
Gammarus duebeni,15,1,omnivore,free_living,swimmer,mixed,chitinous
Gammarus insensibilis,15,1,omnivore,free_living,swimmer,mixed,chitinous
Gammarus crinicornis,18,1,omnivore,free_living,swimmer,mixed,chitinous
Echinogammarus marinus,18,1,omnivore,free_living,swimmer,hard_substrate,chitinous
Echinogammarus pirloti,12,1,omnivore,free_living,swimmer,hard_substrate,chitinous
Echinogammarus stoerensis,10,1,omnivore,free_living,swimmer,hard_substrate,chitinous
Gammarus finmarchicus,12,1,omnivore,free_living,swimmer,hard_substrate,chitinous
Chaetogammarus marinus,18,1,omnivore,free_living,swimmer,hard_substrate,chitinous
Corophium volutator,10,1,surface_deposit_feeder,tube_dweller,crawler,mud,chitinous
Corophium arenarium,8,1,surface_deposit_feeder,tube_dweller,crawler,sand,chitinous
Monocorophium acherusicum,6,1,surface_deposit_feeder,tube_dweller,crawler,hard_substrate,chitinous
Monocorophium insidiosum,5,1,surface_deposit_feeder,tube_dweller,crawler,mud,chitinous
Apocorophium lacustre,5,1,surface_deposit_feeder,tube_dweller,crawler,mud,chitinous
Crassicorophium bonellii,5,1,surface_deposit_feeder,tube_dweller,crawler,hard_substrate,chitinous
Siphonoecetes kroyeranus,6,1,surface_deposit_feeder,tube_dweller,crawler,sand,chitinous
Leptocheirus pilosus,6,1,surface_deposit_feeder,tube_dweller,crawler,mud,chitinous
Caprella linearis,20,1,suspension_feeder,attached,crawler,hard_substrate,chitinous
Caprella mutica,30,1,suspension_feeder,attached,crawler,hard_substrate,chitinous
Caprella equilibra,15,1,omnivore,attached,crawler,hard_substrate,chitinous
Phtisica marina,15,1,predator,attached,crawler,hard_substrate,chitinous
Pseudoprotella phasma,25,1,omnivore,attached,crawler,hard_substrate,chitinous
Pariambus typicus,5,1,omnivore,epizoic,crawler,mixed,chitinous
Ampelisca brevicornis,10,1,suspension_feeder,tube_dweller,limited_swimmer,sand,chitinous
Ampelisca spinipes,8,1,suspension_feeder,tube_dweller,limited_swimmer,mud,chitinous
Ampelisca tenuicornis,8,1,suspension_feeder,tube_dweller,limited_swimmer,mud,chitinous
Ampelisca diadema,12,1,suspension_feeder,tube_dweller,limited_swimmer,sand,chitinous
Ampelisca macrocephala,10,1,suspension_feeder,tube_dweller,limited_swimmer,mud,chitinous
Ampelisca typica,7,1,suspension_feeder,tube_dweller,limited_swimmer,sand,chitinous
Haustorius arenarius,12,1,deposit_feeder,burrower,swimmer,sand,chitinous
Urothoe brevicornis,6,1,deposit_feeder,burrower,swimmer,sand,chitinous
Urothoe poseidonis,8,1,deposit_feeder,burrower,swimmer,sand,chitinous
Urothoe elegans,5,1,deposit_feeder,burrower,swimmer,sand,chitinous
Bathyporeia sarsi,6,1,deposit_feeder,burrower,swimmer,sand,chitinous
Bathyporeia pelagica,5,1,deposit_feeder,burrower,swimmer,sand,chitinous
Bathyporeia elegans,4,1,deposit_feeder,burrower,swimmer,sand,chitinous
Bathyporeia pilosa,5,1,deposit_feeder,burrower,swimmer,sand,chitinous
Bathyporeia guilliamsoniana,7,1,deposit_feeder,burrower,swimmer,sand,chitinous
Bathyporeia nana,4,1,deposit_feeder,burrower,swimmer,sand,chitinous
Melita palmata,12,1,omnivore,free_living,swimmer,mixed,chitinous
Melita hergensis,8,1,omnivore,free_living,swimmer,hard_substrate,chitinous
Abludomelita obtusata,8,1,omnivore,free_living,swimmer,mixed,chitinous
Cheirocratus sundevallii,8,1,omnivore,free_living,swimmer,mixed,chitinous
Maera grossimana,12,1,omnivore,free_living,swimmer,hard_substrate,chitinous
Elasmopus rapax,8,1,omnivore,free_living,swimmer,hard_substrate,chitinous
Microdeutopus gryllotalpa,8,1,surface_deposit_feeder,tube_dweller,crawler,mud,chitinous
Microdeutopus anomalus,6,1,surface_deposit_feeder,tube_dweller,crawler,mixed,chitinous
Aora gracilis,5,1,surface_deposit_feeder,tube_dweller,crawler,hard_substrate,chitinous
Aora typica,6,1,surface_deposit_feeder,tube_dweller,crawler,hard_substrate,chitinous
Lembos websteri,5,1,surface_deposit_feeder,tube_dweller,crawler,hard_substrate,chitinous
Lysianassa ceratina,12,1,scavenger,free_living,swimmer,hard_substrate,chitinous
Orchomenella nana,8,1,scavenger,free_living,swimmer,soft_sediment,chitinous
Scopelocheirus hopei,15,1,scavenger,free_living,swimmer,soft_sediment,chitinous
Tryphosites longipes,10,1,scavenger,free_living,swimmer,soft_sediment,chitinous
Hippomedon denticulatus,12,1,scavenger,free_living,swimmer,soft_sediment,chitinous
Orchomene humilis,8,1,scavenger,free_living,swimmer,soft_sediment,chitinous
Jassa falcata,8,1,suspension_feeder,tube_dweller,crawler,hard_substrate,chitinous
Jassa marmorata,7,1,suspension_feeder,tube_dweller,crawler,hard_substrate,chitinous
Dexamine spinosa,12,1,omnivore,free_living,swimmer,hard_substrate,chitinous
Dexamine thea,8,1,omnivore,free_living,swimmer,hard_substrate,chitinous
Atylus swammerdami,10,1,omnivore,free_living,swimmer,sand,chitinous
Atylus vedlomensis,8,1,omnivore,free_living,swimmer,sand,chitinous
Apherusa bispinosa,6,1,omnivore,free_living,swimmer,hard_substrate,chitinous
Apherusa jurinei,8,1,omnivore,free_living,swimmer,hard_substrate,chitinous
Hyale prevostii,6,1,grazer,free_living,swimmer,hard_substrate,chitinous
Hyale nilssoni,8,1,grazer,free_living,swimmer,hard_substrate,chitinous
Talitrus saltator,20,1,scavenger,free_living,crawler,sand,chitinous
Orchestia gammarellus,22,1,scavenger,free_living,crawler,mixed,chitinous
Orchestia mediterranea,15,1,scavenger,free_living,crawler,mixed,chitinous
Megaluropus agilis,5,1,deposit_feeder,free_living,swimmer,sand,chitinous
Perioculodes longimanus,5,1,deposit_feeder,free_living,swimmer,sand,chitinous
Pontocrates arenarius,6,1,predator,free_living,swimmer,sand,chitinous
Pontocrates altamarinus,5,1,predator,free_living,swimmer,sand,chitinous
Synchelidium maculatum,4,1,predator,free_living,swimmer,sand,chitinous
Westwoodilla caecula,6,1,deposit_feeder,free_living,swimmer,mud,chitinous
Harpinia antennaria,4,1,deposit_feeder,burrower,swimmer,mud,chitinous
Leucothoe incisa,8,1,suspension_feeder,crevice_dweller,swimmer,hard_substrate,chitinous
Stenothoe monoculoides,4,1,omnivore,crevice_dweller,swimmer,hard_substrate,chitinous
Carcinus maenas,80,5,omnivore,free_living,crawler,mixed,calcium_exoskeleton
Cancer pagurus,250,20,predator,free_living,crawler,hard_substrate,calcium_exoskeleton
Necora puber,100,8,predator,free_living,swimmer,hard_substrate,calcium_exoskeleton
Liocarcinus holsatus,50,3,predator,free_living,swimmer,sand,calcium_exoskeleton
Liocarcinus depurator,50,3,predator,free_living,swimmer,sand,calcium_exoskeleton
Liocarcinus navigator,40,2,predator,free_living,swimmer,sand,calcium_exoskeleton
Liocarcinus vernalis,35,2,predator,free_living,swimmer,sand,calcium_exoskeleton
Portumnus latipes,25,2,predator,burrower,swimmer,sand,calcium_exoskeleton
Polybius henslowii,50,3,predator,free_living,swimmer,sand,calcium_exoskeleton
Bathynectes maravigna,60,3,predator,free_living,swimmer,mixed,calcium_exoskeleton
Macropodia rostrata,20,2,omnivore,free_living,crawler,mixed,calcium_exoskeleton
Macropodia tenuirostris,15,2,omnivore,free_living,crawler,mixed,calcium_exoskeleton
Inachus phalangium,25,2,omnivore,free_living,crawler,mixed,calcium_exoskeleton
Inachus dorsettensis,30,2,omnivore,free_living,crawler,mixed,calcium_exoskeleton
Maja squinado,200,8,omnivore,free_living,crawler,hard_substrate,calcium_exoskeleton
Maja brachydactyla,200,8,omnivore,free_living,crawler,hard_substrate,calcium_exoskeleton
Hyas araneus,100,5,omnivore,free_living,crawler,mixed,calcium_exoskeleton
Hyas coarctatus,60,3,omnivore,free_living,crawler,mixed,calcium_exoskeleton
Pagurus bernhardus,35,5,scavenger,free_living,crawler,mixed,calcium_exoskeleton
Pagurus cuanensis,20,3,scavenger,free_living,crawler,hard_substrate,calcium_exoskeleton
Pagurus prideaux,30,4,scavenger,free_living,crawler,sand,calcium_exoskeleton
Anapagurus hyndmanni,10,2,scavenger,free_living,crawler,mixed,calcium_exoskeleton
Anapagurus laevis,8,2,scavenger,free_living,crawler,mixed,calcium_exoskeleton
Diogenes pugilator,15,2,scavenger,free_living,crawler,sand,calcium_exoskeleton
Crangon crangon,90,3,predator,free_living,swimmer,sand,chitinous
Crangon allmanni,60,2,predator,free_living,swimmer,sand,chitinous
Philocheras trispinosus,20,1,predator,burrower,swimmer,sand,chitinous
Pontophilus spinosus,30,2,predator,burrower,swimmer,sand,chitinous
Palaemon serratus,100,3,omnivore,free_living,swimmer,mixed,chitinous
Palaemon elegans,60,2,omnivore,free_living,swimmer,mixed,chitinous
Palaemon longirostris,80,2,omnivore,free_living,swimmer,mixed,chitinous
Palaemonetes varians,50,2,omnivore,free_living,swimmer,mixed,chitinous
Processa nouveli,40,2,omnivore,free_living,swimmer,sand,chitinous
Processa edulis,50,2,omnivore,free_living,swimmer,sand,chitinous
Pandalus montagui,100,3,omnivore,free_living,swimmer,sand,chitinous
Pandalus borealis,120,5,omnivore,free_living,swimmer,mud,chitinous
Pandalina brevirostris,40,2,omnivore,free_living,swimmer,sand,chitinous
Hippolyte varians,30,1,omnivore,free_living,swimmer,hard_substrate,chitinous
Thoralus cranchii,20,1,omnivore,free_living,swimmer,hard_substrate,chitinous
Eualus occultus,25,1,omnivore,free_living,swimmer,mixed,chitinous
Athanas nitescens,20,2,omnivore,crevice_dweller,crawler,hard_substrate,chitinous
Alpheus glaber,40,3,predator,burrower,crawler,mud,chitinous
Nephrops norvegicus,250,15,predator,burrower,crawler,mud,calcium_exoskeleton
Homarus gammarus,600,50,predator,crevice_dweller,crawler,hard_substrate,calcium_exoskeleton
Galathea squamifera,65,3,omnivore,crevice_dweller,crawler,hard_substrate,calcium_exoskeleton
Galathea strigosa,80,4,omnivore,crevice_dweller,crawler,hard_substrate,calcium_exoskeleton
Galathea intermedia,20,2,omnivore,crevice_dweller,crawler,hard_substrate,calcium_exoskeleton
Galathea dispersa,30,2,omnivore,free_living,crawler,mixed,calcium_exoskeleton
Munida rugosa,60,3,scavenger,free_living,crawler,mixed,calcium_exoskeleton
Munida sarsi,50,3,scavenger,free_living,crawler,mud,calcium_exoskeleton
Pisidia longicornis,10,2,filter_feeder,crevice_dweller,crawler,hard_substrate,calcium_exoskeleton
Porcellana platycheles,15,2,filter_feeder,crevice_dweller,crawler,hard_substrate,calcium_exoskeleton
Corystes cassivelaunus,40,3,predator,burrower,burrower,sand,calcium_exoskeleton
Atelecyclus rotundatus,40,3,predator,burrower,crawler,sand,calcium_exoskeleton
Thia scutellata,25,2,predator,burrower,burrower,sand,calcium_exoskeleton
Ebalia tuberosa,15,2,scavenger,burrower,crawler,gravel,calcium_exoskeleton
Ebalia tumefacta,12,2,scavenger,burrower,crawler,gravel,calcium_exoskeleton
Pilumnus hirtellus,20,3,omnivore,crevice_dweller,crawler,hard_substrate,calcium_exoskeleton
Xantho incisus,30,3,omnivore,crevice_dweller,crawler,hard_substrate,calcium_exoskeleton
Pirimela denticulata,15,2,predator,burrower,crawler,sand,calcium_exoskeleton
Pinnotheres pisum,12,2,parasite,free_living,crawler,soft_sediment,calcium_exoskeleton
Eurynome aspera,20,2,omnivore,free_living,crawler,hard_substrate,calcium_exoskeleton
Pisa armata,25,2,omnivore,free_living,crawler,hard_substrate,calcium_exoskeleton
Goneplax rhomboides,25,3,deposit_feeder,burrower,crawler,mud,calcium_exoskeleton
Upogebia deltaura,50,4,suspension_feeder,burrower,burrower,mud,calcium_exoskeleton
Upogebia stellata,40,3,suspension_feeder,burrower,burrower,mud,calcium_exoskeleton
Callianassa subterranea,60,5,deposit_feeder,burrower,burrower,mud,calcium_exoskeleton
Jaxea nocturna,50,4,deposit_feeder,burrower,burrower,mud,calcium_exoskeleton
Calocaris macandreae,30,3,deposit_feeder,burrower,burrower,mud,calcium_exoskeleton
Idotea balthica,30,2,grazer,free_living,crawler,mixed,chitinous
Idotea granulosa,20,1,grazer,free_living,crawler,hard_substrate,chitinous
Idotea pelagica,15,1,grazer,free_living,crawler,hard_substrate,chitinous
Idotea chelipes,25,1,grazer,free_living,crawler,mixed,chitinous
Idotea linearis,30,1,grazer,free_living,crawler,mixed,chitinous
Idotea neglecta,20,1,grazer,free_living,crawler,mixed,chitinous
Idotea emarginata,25,1,grazer,free_living,crawler,mixed,chitinous
Sphaeroma serratum,12,1,grazer,crevice_dweller,crawler,hard_substrate,chitinous
Sphaeroma rugicauda,10,1,grazer,crevice_dweller,crawler,hard_substrate,chitinous
Dynamene bidentata,6,1,grazer,crevice_dweller,crawler,hard_substrate,chitinous
Cymodoce truncata,10,1,grazer,crevice_dweller,crawler,hard_substrate,chitinous
Lekanesphaera levii,8,1,grazer,crevice_dweller,crawler,hard_substrate,chitinous
Lekanesphaera hookeri,10,1,grazer,free_living,crawler,mixed,chitinous
Anthura gracilis,15,1,predator,burrower,crawler,mud,chitinous
Cyathura carinata,10,2,predator,burrower,crawler,mud,chitinous
Gnathia maxillaris,8,1,parasite,free_living,swimmer,hard_substrate,chitinous
Gnathia dentata,6,1,parasite,free_living,swimmer,hard_substrate,chitinous
Eurydice pulchra,8,1,predator,burrower,swimmer,sand,chitinous
Eurydice affinis,6,1,predator,burrower,swimmer,sand,chitinous
Cirolana cranchi,15,2,scavenger,free_living,swimmer,mixed,chitinous
Natatolana borealis,20,2,scavenger,free_living,swimmer,mixed,chitinous
Jaera albifrons,5,1,grazer,free_living,crawler,hard_substrate,chitinous
Jaera nordmanni,4,1,grazer,free_living,crawler,hard_substrate,chitinous
Janira maculosa,5,1,grazer,free_living,crawler,hard_substrate,chitinous
Janiralata solieri,5,1,grazer,free_living,crawler,hard_substrate,chitinous
Munna kroyeri,3,1,deposit_feeder,free_living,crawler,mud,chitinous
Pleurogonium rubicundum,3,1,deposit_feeder,free_living,crawler,mud,chitinous
Ligia oceanica,30,2,scavenger,free_living,crawler,hard_substrate,chitinous
Tylos europaeus,10,1,scavenger,burrower,crawler,sand,chitinous
Astropecten irregularis,200,10,predator,free_living,crawler,sand,calcareous_test
Astropecten aranciacus,300,12,predator,free_living,crawler,sand,calcareous_test
Asterias rubens,300,10,predator,free_living,crawler,mixed,calcareous_test
Marthasterias glacialis,500,12,predator,free_living,crawler,hard_substrate,calcareous_test
Coscinasterias tenuispina,200,8,predator,free_living,crawler,hard_substrate,calcareous_test
Asterina gibbosa,50,5,omnivore,free_living,crawler,hard_substrate,calcareous_test
Anseropoda placenta,200,8,predator,free_living,crawler,mixed,calcareous_test
Henricia oculata,100,5,suspension_feeder,free_living,crawler,hard_substrate,calcareous_test
Henricia sanguinolenta,80,5,suspension_feeder,free_living,crawler,hard_substrate,calcareous_test
Crossaster papposus,300,10,predator,free_living,crawler,mixed,calcareous_test
Solaster endeca,300,10,predator,free_living,crawler,mixed,calcareous_test
Luidia ciliaris,400,10,predator,free_living,crawler,sand,calcareous_test
Luidia sarsi,200,6,predator,free_living,crawler,sand,calcareous_test
Porania pulvillus,120,8,predator,free_living,crawler,hard_substrate,calcareous_test
Stichastrella rosea,200,8,predator,free_living,crawler,mixed,calcareous_test
Ophiothrix fragilis,120,5,suspension_feeder,free_living,crawler,mixed,calcareous_test
Ophiocomina nigra,150,10,omnivore,free_living,crawler,mixed,calcareous_test
Amphiura filiformis,100,5,suspension_feeder,burrower,crawler,mud,calcareous_test
Amphiura chiajei,80,5,deposit_feeder,burrower,crawler,mud,calcareous_test
Amphiura brachiata,60,3,deposit_feeder,burrower,crawler,sand,calcareous_test
Amphipholis squamata,20,2,deposit_feeder,crevice_dweller,crawler,mixed,calcareous_test
Ophiura ophiura,100,5,predator,free_living,crawler,sand,calcareous_test
Ophiura albida,80,5,omnivore,free_living,crawler,sand,calcareous_test
Ophiura affinis,60,3,deposit_feeder,free_living,crawler,mud,calcareous_test
Acrocnida brachiata,80,4,suspension_feeder,burrower,crawler,sand,calcareous_test
Ophioderma longicauda,200,10,omnivore,crevice_dweller,crawler,hard_substrate,calcareous_test
Ophiactis balli,15,2,suspension_feeder,crevice_dweller,crawler,hard_substrate,calcareous_test
Echinus esculentus,160,10,grazer,free_living,crawler,hard_substrate,calcareous_test
Paracentrotus lividus,70,8,grazer,free_living,crawler,hard_substrate,calcareous_test
Psammechinus miliaris,50,5,grazer,free_living,crawler,mixed,calcareous_test
Strongylocentrotus droebachiensis,80,10,grazer,free_living,crawler,hard_substrate,calcareous_test
Sphaerechinus granularis,130,8,grazer,free_living,crawler,hard_substrate,calcareous_test
Echinocardium cordatum,90,10,deposit_feeder,burrower,burrower,sand,calcareous_test
Echinocardium flavescens,60,6,deposit_feeder,burrower,burrower,sand,calcareous_test
Echinocardium pennatifidum,50,5,deposit_feeder,burrower,burrower,sand,calcareous_test
Echinocyamus pusillus,15,3,deposit_feeder,burrower,burrower,sand,calcareous_test
Spatangus purpureus,120,10,deposit_feeder,burrower,burrower,sand,calcareous_test
Brissopsis lyrifera,70,8,deposit_feeder,burrower,burrower,mud,calcareous_test
Holothuria tubulosa,300,12,deposit_feeder,free_living,crawler,soft_sediment,none
Holothuria forskali,250,10,deposit_feeder,free_living,crawler,hard_substrate,none
Cucumaria frondosa,300,10,suspension_feeder,attached,sessile,hard_substrate,spicules
Thyone fusus,150,5,suspension_feeder,burrower,crawler,soft_sediment,spicules
Pawsonia saxicola,200,6,suspension_feeder,crevice_dweller,sessile,hard_substrate,spicules
Leptosynapta inhaerens,200,3,deposit_feeder,burrower,burrower,sand,spicules
Labidoplax digitata,150,3,deposit_feeder,burrower,burrower,mud,spicules
Neopentadactyla mixta,100,5,suspension_feeder,burrower,sessile,sand,spicules
Leptopentacta elongata,80,3,suspension_feeder,burrower,sessile,mixed,spicules
Aslia lefevrii,100,5,suspension_feeder,crevice_dweller,sessile,hard_substrate,spicules
Actinia equina,50,20,predator,attached,sessile,hard_substrate,none
Anemonia viridis,70,10,predator,attached,sessile,hard_substrate,none
Metridium senile,120,10,suspension_feeder,attached,sessile,hard_substrate,none
Urticina felina,100,15,predator,attached,sessile,hard_substrate,none
Sagartia elegans,60,8,predator,attached,sessile,hard_substrate,none
Sagartia troglodytes,50,6,predator,attached,sessile,mixed,none
Cereus pedunculatus,50,8,predator,attached,sessile,soft_sediment,none
Sagartiogeton undatus,40,5,predator,attached,sessile,hard_substrate,none
Aiptasia mutabilis,60,5,predator,attached,sessile,hard_substrate,none
Diadumene lineata,30,3,predator,attached,sessile,hard_substrate,none
Calliactis parasitica,50,8,predator,attached,sessile,mixed,none
Adamsia palliata,40,8,predator,attached,sessile,mixed,none
Anthopleura ballii,50,10,predator,attached,sessile,hard_substrate,none
Aulactinia verrucosa,30,8,predator,attached,sessile,hard_substrate,none
Cerianthus lloydii,150,10,predator,tube_dweller,sessile,soft_sediment,none
Edwardsia claparedii,60,5,predator,burrower,sessile,sand,none
Peachia cylindrica,100,5,predator,burrower,sessile,sand,none
Nematostella vectensis,40,3,predator,burrower,sessile,mud,none
Alcyonium digitatum,200,20,suspension_feeder,attached,sessile,hard_substrate,spicules
Alcyonium glomeratum,100,10,suspension_feeder,attached,sessile,hard_substrate,spicules
Eunicella verrucosa,300,25,suspension_feeder,attached,sessile,hard_substrate,spicules
Pennatula phosphorea,400,15,suspension_feeder,attached,sessile,mud,spicules
Virgularia mirabilis,300,10,suspension_feeder,attached,sessile,mud,spicules
Funiculina quadrangularis,500,15,suspension_feeder,attached,sessile,mud,spicules
Corynactis viridis,15,5,predator,attached,sessile,hard_substrate,none
Abietinaria abietina,100,3,suspension_feeder,attached,sessile,hard_substrate,chitinous
Dynamena pumila,30,2,suspension_feeder,attached,sessile,hard_substrate,chitinous
Sertularia cupressina,150,3,suspension_feeder,attached,sessile,hard_substrate,chitinous
Sertularella polyzonias,50,2,suspension_feeder,attached,sessile,hard_substrate,chitinous
Hydrallmania falcata,200,3,suspension_feeder,attached,sessile,hard_substrate,chitinous
Halecium halecinum,100,2,suspension_feeder,attached,sessile,hard_substrate,chitinous
Kirchenpaueria pinnata,50,2,suspension_feeder,attached,sessile,hard_substrate,chitinous
Nemertesia antennina,200,3,suspension_feeder,attached,sessile,hard_substrate,chitinous
Nemertesia ramosa,150,3,suspension_feeder,attached,sessile,hard_substrate,chitinous
Obelia geniculata,30,1,suspension_feeder,attached,sessile,hard_substrate,chitinous
Laomedea flexuosa,25,1,suspension_feeder,attached,sessile,hard_substrate,chitinous
Clytia hemisphaerica,20,1,suspension_feeder,attached,sessile,hard_substrate,chitinous
Tubularia indivisa,150,2,predator,attached,sessile,hard_substrate,chitinous
Tubularia larynx,30,1,predator,attached,sessile,hard_substrate,chitinous
Membranipora membranacea,NA,1,filter_feeder,attached,sessile,hard_substrate,calcium_exoskeleton
Electra pilosa,NA,1,filter_feeder,attached,sessile,hard_substrate,calcium_exoskeleton
Flustra foliacea,NA,3,filter_feeder,attached,sessile,hard_substrate,calcium_exoskeleton
Bugulina turbinata,50,2,filter_feeder,attached,sessile,hard_substrate,chitinous
Bugulina flabellata,30,1,filter_feeder,attached,sessile,hard_substrate,chitinous
Bugulina stolonifera,20,1,filter_feeder,attached,sessile,hard_substrate,chitinous
Scrupocellaria scruposa,20,1,filter_feeder,attached,sessile,hard_substrate,calcium_exoskeleton
Cellaria sinuosa,50,2,filter_feeder,attached,sessile,hard_substrate,calcium_exoskeleton
Cellepora pumicosa,30,2,filter_feeder,attached,sessile,hard_substrate,calcium_exoskeleton
Pentapora foliacea,150,5,filter_feeder,attached,sessile,hard_substrate,calcium_exoskeleton
Watersipora subtorquata,NA,2,filter_feeder,attached,sessile,hard_substrate,calcium_exoskeleton
Schizoporella unicornis,NA,2,filter_feeder,attached,sessile,hard_substrate,calcium_exoskeleton
Microporella ciliata,NA,1,filter_feeder,attached,sessile,hard_substrate,calcium_exoskeleton
Escharella immersa,NA,1,filter_feeder,attached,sessile,hard_substrate,calcium_exoskeleton
Alcyonidium diaphanum,100,2,filter_feeder,attached,sessile,hard_substrate,none
Alcyonidium gelatinosum,80,2,filter_feeder,attached,sessile,hard_substrate,none
Bowerbankia imbricata,15,1,filter_feeder,attached,sessile,hard_substrate,none
Amathia lendigera,30,1,filter_feeder,attached,sessile,hard_substrate,none
Crisia eburnea,20,1,filter_feeder,attached,sessile,hard_substrate,calcium_exoskeleton
Tubulipora liliacea,15,1,filter_feeder,attached,sessile,hard_substrate,calcium_exoskeleton
Disporella hispida,10,1,filter_feeder,attached,sessile,hard_substrate,calcium_exoskeleton
Lichenopora verrucaria,10,1,filter_feeder,attached,sessile,hard_substrate,calcium_exoskeleton
Conopeum reticulum,NA,1,filter_feeder,attached,sessile,hard_substrate,calcium_exoskeleton
Cribrilina punctata,NA,1,filter_feeder,attached,sessile,hard_substrate,calcium_exoskeleton
Securiflustra securifrons,NA,2,filter_feeder,attached,sessile,hard_substrate,calcium_exoskeleton
Chartella papyracea,50,2,filter_feeder,attached,sessile,hard_substrate,calcium_exoskeleton
Caberea boryi,30,1,filter_feeder,attached,sessile,hard_substrate,calcium_exoskeleton
Bicellariella ciliata,20,1,filter_feeder,attached,sessile,hard_substrate,calcium_exoskeleton
Semibalanus balanoides,15,5,filter_feeder,attached,sessile,hard_substrate,calcium_exoskeleton
Balanus crenatus,20,3,filter_feeder,attached,sessile,hard_substrate,calcium_exoskeleton
Amphibalanus improvisus,12,2,filter_feeder,attached,sessile,hard_substrate,calcium_exoskeleton
Austrominius modestus,15,3,filter_feeder,attached,sessile,hard_substrate,calcium_exoskeleton
Chthamalus stellatus,10,5,filter_feeder,attached,sessile,hard_substrate,calcium_exoskeleton
Chthamalus montagui,8,5,filter_feeder,attached,sessile,hard_substrate,calcium_exoskeleton
Perforatus perforatus,30,5,filter_feeder,attached,sessile,hard_substrate,calcium_exoskeleton
Verruca stroemia,8,3,filter_feeder,attached,sessile,hard_substrate,calcium_exoskeleton
Balanus balanus,25,5,filter_feeder,attached,sessile,hard_substrate,calcium_exoskeleton
Chirona hameri,50,5,filter_feeder,attached,sessile,hard_substrate,calcium_exoskeleton
Ascidiella aspersa,80,3,filter_feeder,attached,sessile,hard_substrate,none
Ciona intestinalis,120,2,filter_feeder,attached,sessile,hard_substrate,none
Clavelina lepadiformis,30,1,filter_feeder,attached,sessile,hard_substrate,none
Botryllus schlosseri,NA,2,filter_feeder,attached,sessile,hard_substrate,none
Botrylloides leachii,NA,1,filter_feeder,attached,sessile,hard_substrate,none
Diplosoma listerianum,NA,1,filter_feeder,attached,sessile,hard_substrate,none
Aplidium punctum,NA,2,filter_feeder,attached,sessile,hard_substrate,none
Styela clava,120,3,filter_feeder,attached,sessile,hard_substrate,none
Dendrodoa grossularia,20,3,filter_feeder,attached,sessile,hard_substrate,none
Molgula manhattensis,30,2,filter_feeder,attached,sessile,hard_substrate,none
Corella parallelogramma,50,2,filter_feeder,attached,sessile,hard_substrate,none
Ascidia mentula,120,5,filter_feeder,attached,sessile,hard_substrate,none
Phallusia mammillata,140,5,filter_feeder,attached,sessile,hard_substrate,none
Halichondria panicea,200,5,filter_feeder,attached,sessile,hard_substrate,spicules
Hymeniacidon perlevis,150,5,filter_feeder,attached,sessile,hard_substrate,spicules
Suberites ficus,100,5,filter_feeder,attached,sessile,hard_substrate,spicules
Cliona celata,NA,10,filter_feeder,burrower,sessile,hard_substrate,spicules
Tethya aurantium,60,10,filter_feeder,attached,sessile,hard_substrate,spicules
Axinella dissimilis,150,10,filter_feeder,attached,sessile,hard_substrate,spicules
Raspailia ramosa,200,8,filter_feeder,attached,sessile,hard_substrate,spicules
Dysidea fragilis,100,5,filter_feeder,attached,sessile,hard_substrate,none
Haliclona oculata,150,5,filter_feeder,attached,sessile,hard_substrate,spicules
Myxilla incrustans,100,5,filter_feeder,attached,sessile,hard_substrate,spicules
Amphilectus fucorum,80,3,filter_feeder,attached,sessile,hard_substrate,spicules
Polymastia boletiformis,80,5,filter_feeder,attached,sessile,hard_substrate,spicules
Leucosolenia botryoides,10,1,filter_feeder,attached,sessile,hard_substrate,spicules
Sycon ciliatum,30,1,filter_feeder,attached,sessile,hard_substrate,spicules
Grantia compressa,40,1,filter_feeder,attached,sessile,hard_substrate,spicules
Lineus longissimus,5000,5,predator,free_living,crawler,hard_substrate,none
Lineus ruber,150,3,predator,free_living,crawler,mixed,none
Lineus viridis,100,3,predator,free_living,crawler,hard_substrate,none
Cerebratulus marginatus,500,5,predator,burrower,crawler,soft_sediment,none
Tubulanus annulatus,200,3,predator,free_living,crawler,hard_substrate,none
Emplectonema gracile,50,2,predator,free_living,crawler,hard_substrate,none
Nemertopsis flavida,20,1,predator,free_living,crawler,hard_substrate,none
Cephalothrix linearis,100,2,predator,free_living,crawler,mud,none
Sipunculus nudus,250,5,deposit_feeder,burrower,burrower,sand,none
Golfingia vulgaris,100,3,deposit_feeder,burrower,burrower,soft_sediment,none
Nephasoma minutum,15,2,deposit_feeder,burrower,burrower,mud,none
Phascolion strombus,30,3,deposit_feeder,crevice_dweller,sessile,mixed,none
Thysanocardia procera,80,3,deposit_feeder,burrower,burrower,soft_sediment,none
Phoronis hippocrepia,100,3,filter_feeder,tube_dweller,sessile,hard_substrate,chitinous
Phoronis muelleri,50,2,filter_feeder,tube_dweller,sessile,mud,chitinous
Lingula anatina,60,5,filter_feeder,burrower,sessile,soft_sediment,calcium_shell
Novocrania anomala,15,10,filter_feeder,attached,sessile,hard_substrate,calcium_shell
Terebratulina retusa,30,10,filter_feeder,attached,sessile,hard_substrate,calcium_shell
Lepidochitona cinerea,25,5,grazer,free_living,crawler,hard_substrate,calcium_shell
Acanthochitona crinita,30,5,grazer,free_living,crawler,hard_substrate,calcium_shell
Tonicella rubra,25,5,grazer,free_living,crawler,hard_substrate,calcium_shell
Leptochiton asellus,15,3,grazer,free_living,crawler,hard_substrate,calcium_shell
Ischnochiton albus,10,3,grazer,free_living,crawler,hard_substrate,calcium_shell
Praunus flexuosus,25,1,omnivore,free_living,swimmer,mixed,chitinous
Praunus inermis,20,1,omnivore,free_living,swimmer,mixed,chitinous
Neomysis integer,17,1,omnivore,free_living,swimmer,mixed,chitinous
Schistomysis spiritus,15,1,omnivore,free_living,swimmer,sand,chitinous
Gastrosaccus spinifer,15,1,omnivore,free_living,swimmer,sand,chitinous
Leptomysis lingvura,12,1,omnivore,free_living,swimmer,mixed,chitinous
Siriella armata,15,1,omnivore,free_living,swimmer,mixed,chitinous
Paramysis arenosa,12,1,omnivore,free_living,swimmer,sand,chitinous
Diastylis rathkei,15,2,deposit_feeder,burrower,swimmer,mud,chitinous
Diastylis bradyi,10,1,deposit_feeder,burrower,swimmer,mud,chitinous
Iphinoe trispinosa,8,1,deposit_feeder,burrower,swimmer,sand,chitinous
Bodotria scorpioides,6,1,deposit_feeder,burrower,swimmer,sand,chitinous
Pseudocuma longicorne,5,1,deposit_feeder,burrower,swimmer,mud,chitinous
Eudorella truncatula,6,1,deposit_feeder,burrower,swimmer,mud,chitinous
Tanais dulongii,5,1,deposit_feeder,tube_dweller,crawler,hard_substrate,chitinous
Leptochelia savignyi,4,1,deposit_feeder,tube_dweller,crawler,hard_substrate,chitinous
Heterotanais oerstedii,3,1,deposit_feeder,tube_dweller,crawler,mixed,chitinous
Apseudes talpa,8,1,deposit_feeder,tube_dweller,crawler,mud,chitinous
Apseudes latreillii,10,1,deposit_feeder,tube_dweller,crawler,mud,chitinous
Nebalia bipes,12,1,scavenger,free_living,swimmer,mud,chitinous
Limnoria lignorum,5,2,grazer,burrower,crawler,hard_substrate,chitinous
Chelura terebrans,6,1,grazer,burrower,crawler,hard_substrate,chitinous
Pycnogonum littorale,20,2,predator,free_living,crawler,hard_substrate,chitinous
Nymphon gracile,12,1,predator,free_living,crawler,hard_substrate,chitinous
Achelia echinata,8,1,predator,free_living,crawler,hard_substrate,chitinous
Anoplodactylus petiolatus,5,1,predator,free_living,crawler,hard_substrate,chitinous
Endeis spinosa,10,1,predator,free_living,crawler,hard_substrate,chitinous
Tubificoides benedii,40,2,deposit_feeder,burrower,burrower,mud,none
Tubificoides pseudogaster,30,2,deposit_feeder,burrower,burrower,mud,none
Clitellio arenarius,60,2,deposit_feeder,burrower,burrower,sand,none
Heterochaeta costata,30,1,deposit_feeder,burrower,burrower,mud,none
Limapontia capitata,5,1,grazer,free_living,crawler,hard_substrate,none
Facelina auriculata,30,1,predator,free_living,crawler,hard_substrate,none
Flabellina pedata,25,1,predator,free_living,crawler,hard_substrate,none
Janolus cristatus,75,1,predator,free_living,crawler,hard_substrate,none
Polycera quadrilineata,40,1,predator,free_living,crawler,hard_substrate,none
Archidoris pseudoargus,120,2,predator,free_living,crawler,hard_substrate,none
Jorunna tomentosa,50,1,predator,free_living,crawler,hard_substrate,none
Cadlina laevis,30,2,predator,free_living,crawler,hard_substrate,none
Doris sticta,40,2,predator,free_living,crawler,hard_substrate,none
Goniodoris nodosa,30,1,predator,free_living,crawler,hard_substrate,none
Adalaria proxima,20,1,predator,free_living,crawler,hard_substrate,none
Onchidoris bilamellata,30,1,predator,free_living,crawler,hard_substrate,none
Acanthodoris pilosa,35,1,predator,free_living,crawler,hard_substrate,none
Limacia clavigera,20,1,predator,free_living,crawler,hard_substrate,none
Tritonia hombergii,200,3,predator,free_living,crawler,hard_substrate,none
Dendronotus frondosus,50,2,predator,free_living,crawler,hard_substrate,none
Doto coronata,12,1,predator,free_living,crawler,hard_substrate,none
Coryphella browni,25,1,predator,free_living,crawler,hard_substrate,none
Aeolidia papillosa,100,2,predator,free_living,crawler,hard_substrate,none
Hermaea bifida,10,1,grazer,free_living,crawler,hard_substrate,none
Placida dendritica,15,1,grazer,free_living,crawler,hard_substrate,none
Pleurobranchus membranaceus,120,2,predator,free_living,crawler,hard_substrate,none
Berthella plumula,60,2,predator,free_living,crawler,hard_substrate,none
Akera bullata,50,1,omnivore,free_living,crawler,mud,calcium_shell
Haminoea hydatis,25,1,omnivore,free_living,crawler,mud,calcium_shell
Scaphander lignarius,60,3,predator,burrower,crawler,mud,calcium_shell
Philine quadripartita,20,1,predator,burrower,crawler,mud,calcium_shell
Diaphana minuta,5,1,predator,burrower,crawler,mud,calcium_shell
Epitonium clathrus,40,3,predator,free_living,crawler,mixed,calcium_shell
Balcis devians,10,2,parasite,free_living,crawler,mixed,calcium_shell
Eulima bilineata,12,2,parasite,epizoic,crawler,mixed,calcium_shell
Odostomia scalaris,5,1,parasite,free_living,crawler,mixed,calcium_shell
Chrysallida spiralis,4,1,parasite,free_living,crawler,mixed,calcium_shell
Turbonilla lactea,8,1,parasite,free_living,crawler,mixed,calcium_shell
Brachystomia scalaris,5,1,parasite,free_living,crawler,mixed,calcium_shell
Trivia monacha,12,3,predator,free_living,crawler,hard_substrate,calcium_shell
Trivia arctica,10,3,predator,free_living,crawler,hard_substrate,calcium_shell
Velutina velutina,15,2,predator,free_living,crawler,hard_substrate,calcium_shell
Lamellaria perspicua,20,2,predator,free_living,crawler,hard_substrate,calcium_shell
Mangelia attenuata,15,2,predator,free_living,crawler,mixed,calcium_shell
Raphitoma linearis,15,2,predator,free_living,crawler,mixed,calcium_shell
Oenopota turricula,12,2,predator,free_living,crawler,mixed,calcium_shell
Haedropleura septangularis,15,2,predator,free_living,crawler,mixed,calcium_shell
Conus mediterraneus,50,8,predator,burrower,crawler,sand,calcium_shell
Teredo navalis,200,3,filter_feeder,burrower,sessile,hard_substrate,calcium_shell
Xylophaga dorsalis,10,2,filter_feeder,burrower,sessile,hard_substrate,calcium_shell
Chaetopleura angulata,35,5,grazer,free_living,crawler,hard_substrate,calcium_shell
Lepidopleurus cajetanus,20,3,grazer,free_living,crawler,hard_substrate,calcium_shell
Callochiton septemvalvis,20,3,grazer,free_living,crawler,hard_substrate,calcium_shell
Sabella discifera,80,3,filter_feeder,tube_dweller,sessile,soft_sediment,none
Potamilla reniformis,60,3,filter_feeder,tube_dweller,sessile,hard_substrate,none
Amphiglena mediterranea,15,1,filter_feeder,tube_dweller,sessile,mixed,none
Aonides oxycephala,25,1,surface_deposit_feeder,tube_dweller,limited_swimmer,sand,none
Boccardia semibranchiata,15,1,surface_deposit_feeder,burrower,sessile,hard_substrate,none
Boccardiella ligerica,12,1,surface_deposit_feeder,burrower,sessile,mud,none
Polydora hoplura,20,1,surface_deposit_feeder,burrower,sessile,hard_substrate,none
Pseudopolydora pulchra,25,1,surface_deposit_feeder,burrower,sessile,mud,none
Carazziella spongilla,10,1,surface_deposit_feeder,burrower,sessile,mixed,none
Prionospio cirrifera,30,1,surface_deposit_feeder,tube_dweller,limited_swimmer,mud,none
Minuspio cirrifera,20,1,surface_deposit_feeder,tube_dweller,limited_swimmer,mud,none
Paraprionospio pinnata,25,1,surface_deposit_feeder,tube_dweller,limited_swimmer,mud,none
Rhynchospio glutaea,20,1,surface_deposit_feeder,tube_dweller,limited_swimmer,sand,none
Microspio mecznikowianus,15,1,surface_deposit_feeder,tube_dweller,limited_swimmer,mud,none
Amphitrite edwardsi,200,4,deposit_feeder,tube_dweller,sessile,soft_sediment,none
Eupolymnia nebulosa,150,4,deposit_feeder,tube_dweller,sessile,mixed,none
Neoamphitrite figulus,180,4,deposit_feeder,tube_dweller,sessile,soft_sediment,none
Polycirrus aurantiacus,50,2,deposit_feeder,tube_dweller,sessile,mixed,none
Nicolea zostericola,35,2,deposit_feeder,tube_dweller,sessile,soft_sediment,none
Lysilla loveni,30,2,deposit_feeder,tube_dweller,sessile,soft_sediment,none
Axionice maculata,80,3,deposit_feeder,tube_dweller,sessile,mud,none
Pista elongata,70,3,deposit_feeder,tube_dweller,sessile,mud,none
Proclea graffi,40,2,deposit_feeder,tube_dweller,sessile,mud,none
Hauchiella tribullata,20,1,deposit_feeder,tube_dweller,sessile,mud,none
Loimia medusa,200,5,deposit_feeder,tube_dweller,sessile,soft_sediment,none
Samytha sexcirrata,30,2,deposit_feeder,tube_dweller,sessile,mud,none
Eclysippe vanelli,25,2,deposit_feeder,tube_dweller,sessile,mud,none
Mugga wahrbergi,15,1,deposit_feeder,tube_dweller,sessile,mud,none
Sabella fabricii,100,4,filter_feeder,tube_dweller,sessile,soft_sediment,none
Parasabella langerhansi,30,2,filter_feeder,tube_dweller,sessile,hard_substrate,none
Perkinsiana rubra,20,1,filter_feeder,tube_dweller,sessile,mud,none
Demonax brachychona,25,2,filter_feeder,tube_dweller,sessile,mixed,none
Filogranula calyculata,5,2,filter_feeder,tube_dweller,sessile,hard_substrate,calcareous_tube
Vermiliopsis infundibulum,20,3,filter_feeder,tube_dweller,sessile,hard_substrate,calcareous_tube
Placostegus tridentatus,15,3,filter_feeder,tube_dweller,sessile,hard_substrate,calcareous_tube
Josephella marenzelleri,5,1,filter_feeder,tube_dweller,sessile,hard_substrate,calcareous_tube
Chitinopoma serrula,3,1,filter_feeder,tube_dweller,sessile,hard_substrate,calcareous_tube
Apomatus similis,8,2,filter_feeder,tube_dweller,sessile,hard_substrate,calcareous_tube
Eteone barbata,40,1,predator,free_living,crawler,sand,none
Notophyllum foliosum,50,2,predator,free_living,crawler,mixed,none
Phyllodoce groenlandica,120,3,predator,free_living,crawler,mixed,none
Anaitides maculata,100,2,predator,free_living,crawler,mixed,none
Mystides limbata,10,1,predator,free_living,crawler,mixed,none
Glycera capitata,80,3,predator,burrower,burrower,mud,none
Goniada maculata,60,2,predator,burrower,burrower,soft_sediment,none
Goniada norvegica,80,3,predator,burrower,burrower,mud,none
Nephtys assimilis,60,3,predator,burrower,burrower,sand,none
Nephtys kersivalensis,50,2,predator,burrower,burrower,sand,none
Aglaophamus rubella,60,3,predator,burrower,burrower,soft_sediment,none
Abyssoninoe hibernica,50,2,predator,burrower,burrower,mud,none
Drilonereis filum,80,3,predator,burrower,burrower,soft_sediment,none
Protodorvillea kefersteini,15,1,predator,free_living,crawler,mixed,none
Dorvillea rubrovittata,20,1,omnivore,free_living,crawler,hard_substrate,none
Ophryotrocha puerilis,5,1,omnivore,free_living,crawler,mixed,none
Lumbriclymenella robusta,60,2,deposit_feeder,tube_dweller,sessile,mud,none
Praxillura longissima,100,3,deposit_feeder,tube_dweller,sessile,mud,none
Petaloproctus terricola,60,2,deposit_feeder,tube_dweller,sessile,mud,none
Chirimia biceps,50,2,deposit_feeder,tube_dweller,sessile,mud,none
Johnstonia clymenoides,40,2,deposit_feeder,tube_dweller,sessile,mud,none
