"taxon_name","aphia_id","trait_category","trait_name","trait_modality","trait_score","unit","ontology","ontology_id","source","notes"
"Acartia spp.",104464,"feeding","diet","detritus",1,"score","FOODON","FOODON:00002403","Literature","Occasional"
"Acartia spp.",104464,"habitat","zone","pelagic",3,"score","ENVO","ENVO:00000208","Literature","Planktonic copepod"
"Acartia spp.",104464,"feeding","feeding_mode","filter_feeder",3,"score","ECO","ECO:0000212","Literature","Suspension feeder"
"Acartia spp.",104464,"feeding","diet","phytoplankton",3,"score","FOODON","FOODON:03430131","Literature","Primary diet - diatoms"
"Acartia spp.",104464,"life_history","mobility","swimmer",3,"score","PCO","PCO:0000022","Literature","Active swimmer"
"Ammodytes marinus",126734,"life_history","mobility","swimmer",2,"score","PCO","PCO:0000022","Literature","Swims in water column to feed"
"Ammodytes marinus",126734,"feeding","diet","zooplankton",3,"score","FOODON","FOODON:03411173","Literature","Primary diet - copepods"
"Ammodytes marinus",126734,"feeding","feeding_mode","filter_feeder",3,"score","ECO","ECO:0000212","Literature","Planktivorous"
"Ammodytes marinus",126734,"habitat","zone","benthic",2,"score","ENVO","ENVO:00002030","Literature","Burrows in sand"
"Ammodytes marinus",126734,"habitat","substrate","sand",3,"score","ENVO","ENVO:00002225","Literature","Sandy substrate"
"Ammodytes marinus",126734,"life_history","mobility","burrower",3,"score","PCO","PCO:0000031","Literature","Burrows in sand when not feeding"
"Amphibalanus improvisus",240095,"habitat","substrate","hard_substrate",3,"score","ENVO","ENVO:01000814","BIOTIC","Requires hard surfaces"
"Amphibalanus improvisus",240095,"feeding","feeding_mode","suspension_feeder",3,"score","ECO","ECO:0000212","BIOTIC","Primary feeding mode"
"Amphibalanus improvisus",240095,"feeding","feeding_mode","filter_feeder",3,"score","ECO","ECO:0000212","BIOTIC","Equivalent to suspension feeding"
"Amphibalanus improvisus",240095,"feeding","diet","phytoplankton",3,"score","FOODON","FOODON:03430131","Literature","Primary diet"
"Amphibalanus improvisus",240095,"feeding","diet","zooplankton",2,"score","FOODON","FOODON:03411173","Literature","Secondary diet"
"Amphibalanus improvisus",240095,"feeding","diet","detritus",1,"score","FOODON","FOODON:00002403","Literature","Occasional"
"Amphibalanus improvisus",240095,"life_history","protection","calcified_shell",3,"score","PCO","PCO:0000044","BIOTIC","Calcareous plates"
"Amphibalanus improvisus",240095,"habitat","zone","benthic_zone",3,"score","ENVO","ENVO:00002030","BIOTIC","Sessile benthos"
"Amphibalanus improvisus",240095,"habitat","zone","intertidal_zone",2,"score","ENVO","ENVO:00000316","Literature","Can occur intertidally"
"Amphibalanus improvisus",240095,"life_history","mobility","sessile",3,"score","PCO","PCO:0000031","BIOTIC","Permanently attached"
"Anguilla anguilla",126281,"feeding","diet","fish",2,"score","FOODON","FOODON:03411222","Literature","Occasionally fish"
"Anguilla anguilla",126281,"habitat","zone","benthic",3,"score","ENVO","ENVO:00002030","Literature","Bottom-dwelling"
"Anguilla anguilla",126281,"life_history","mobility","crawler",3,"score","PCO","PCO:0000026","Literature","Benthic crawler/swimmer"
"Anguilla anguilla",126281,"feeding","feeding_mode","predator",3,"score","ECO","ECO:0000201","Literature","Benthic predator"
"Anguilla anguilla",126281,"feeding","diet","invertebrates",3,"score","FOODON","FOODON:03411656","Literature","Benthic invertebrates"
"Arenicola marina",129868,"habitat","zone","benthic",3,"score","ENVO","ENVO:00002030","Literature","Burrowing polychaete"
"Arenicola marina",129868,"feeding","feeding_mode","deposit_feeder",3,"score","ECO","ECO:0000205","Literature","Head-down deposit feeder"
"Arenicola marina",129868,"feeding","diet","detritus",3,"score","FOODON","FOODON:00002403","Literature","Organic matter in sediment"
"Arenicola marina",129868,"feeding","diet","bacteria",2,"score","FOODON","FOODON:03301011","Literature","Bacteria on particles"
"Arenicola marina",129868,"habitat","zone","intertidal",3,"score","ENVO","ENVO:00002149","Literature","Intertidal sandflats"
"Arenicola marina",129868,"habitat","substrate","sand",3,"score","ENVO","ENVO:00002225","Literature","Sandy substrate"
"Arenicola marina",129868,"life_history","mobility","burrower",3,"score","PCO","PCO:0000031","Literature","U-shaped burrow"
"Asterias rubens",123776,"feeding","diet","molluscs",3,"score","FOODON","FOODON:03411969","Literature","Primarily bivalves"
"Asterias rubens",123776,"feeding","diet","crustaceans",1,"score","FOODON","FOODON:03411136","Literature","Occasionally"
"Asterias rubens",123776,"feeding","feeding_mode","predator",3,"score","ECO","ECO:0000201","Literature","Predatory starfish"
"Asterias rubens",123776,"habitat","zone","benthic",3,"score","ENVO","ENVO:00002030","Literature","Benthic starfish"
"Asterias rubens",123776,"life_history","mobility","crawler",3,"score","PCO","PCO:0000026","Literature","Slow crawler"
"Bathyporeia pilosa",102280,"life_history","mobility","crawler",2,"score","PCO","PCO:0000032","Literature","Can crawl on surface"
"Bathyporeia pilosa",102280,"feeding","feeding_mode","surface_deposit_feeder",3,"score","ECO","ECO:0000205","BIOTIC","Selective deposit feeding"
"Bathyporeia pilosa",102280,"feeding","feeding_mode","scavenger",2,"score","ECO","ECO:0000214","Literature","Opportunistic"
"Bathyporeia pilosa",102280,"feeding","diet","detritus",3,"score","FOODON","FOODON:00002403","BIOTIC","Organic particles"
"Bathyporeia pilosa",102280,"feeding","diet","bacteria",2,"score","FOODON","FOODON:03316073","Literature","Microbial food"
"Bathyporeia pilosa",102280,"habitat","substrate","soft_sediment",3,"score","ENVO","ENVO:00002007","BIOTIC","Sandy sediment"
"Bathyporeia pilosa",102280,"habitat","zone","benthic_zone",3,"score","ENVO","ENVO:00002030","BIOTIC","Shallow burrower"
"Bathyporeia pilosa",102280,"life_history","mobility","burrower",3,"score","PCO","PCO:0000031","BIOTIC","Burrows in sand"
"Bathyporeia pilosa",102280,"life_history","protection","exoskeleton",3,"score","PCO","PCO:0000046","BIOTIC","Amphipod carapace"
"Bosmina spp.",106281,"habitat","zone","pelagic",3,"score","ENVO","ENVO:00000208","Literature","Planktonic"
"Bosmina spp.",106281,"feeding","feeding_mode","filter_feeder",3,"score","ECO","ECO:0000212","Literature","Cladoceran filter feeder"
"Bosmina spp.",106281,"feeding","diet","phytoplankton",3,"score","FOODON","FOODON:03430131","Literature","Primary diet"
"Bosmina spp.",106281,"life_history","mobility","swimmer",2,"score","PCO","PCO:0000022","Literature","Weak swimmer"
"Calanus finmarchicus",104464,"feeding","diet","phytoplankton",3,"score","FOODON","FOODON:03430131","Literature","Primary diet - diatoms"
"Calanus finmarchicus",104464,"habitat","zone","pelagic",3,"score","ENVO","ENVO:00000208","Literature","Planktonic copepod"
"Calanus finmarchicus",104464,"feeding","feeding_mode","filter_feeder",3,"score","ECO","ECO:0000212","Literature","Suspension feeder"
"Calanus finmarchicus",104464,"life_history","mobility","swimmer",3,"score","PCO","PCO:0000022","Literature","Active swimmer"
"Cancer pagurus",107276,"life_history","mobility","crawler",3,"score","PCO","PCO:0000026","Literature","Crawler"
"Cancer pagurus",107276,"feeding","feeding_mode","scavenger",2,"score","ECO","ECO:0000208","Literature","Scavenges"
"Cancer pagurus",107276,"feeding","feeding_mode","predator",3,"score","ECO","ECO:0000201","Literature","Predatory crab"
"Cancer pagurus",107276,"feeding","diet","molluscs",3,"score","FOODON","FOODON:03411969","Literature","Crushes shells"
"Cancer pagurus",107276,"feeding","diet","crustaceans",2,"score","FOODON","FOODON:03411136","Literature","Other crustaceans"
"Cancer pagurus",107276,"habitat","zone","benthic",3,"score","ENVO","ENVO:00002030","Literature","Benthic crab"
"Carcinus maenas",107381,"life_history","mobility","crawler",3,"score","PCO","PCO:0000026","Literature","Active crawler"
"Carcinus maenas",107381,"feeding","diet","molluscs",3,"score","FOODON","FOODON:03411969","Literature","Crushes shells"
"Carcinus maenas",107381,"feeding","diet","crustaceans",2,"score","FOODON","FOODON:03411136","Literature","Other crustaceans"
"Carcinus maenas",107381,"feeding","feeding_mode","predator",3,"score","ECO","ECO:0000201","Literature","Opportunistic predator"
"Carcinus maenas",107381,"feeding","feeding_mode","scavenger",2,"score","ECO","ECO:0000208","Literature","Scavenges carrion"
"Carcinus maenas",107381,"habitat","zone","benthic",3,"score","ENVO","ENVO:00002030","Literature","Benthic crab"
"Carcinus maenas",107381,"habitat","zone","intertidal",2,"score","ENVO","ENVO:00002149","Literature","Common in intertidal"
"Centropages hamatus",104466,"feeding","diet","phytoplankton",2,"score","FOODON","FOODON:03430131","Literature","Phytoplankton"
"Centropages hamatus",104466,"feeding","diet","zooplankton",2,"score","FOODON","FOODON:03411173","Literature","Small zooplankton"
"Centropages hamatus",104466,"feeding","feeding_mode","filter_feeder",3,"score","ECO","ECO:0000212","Literature","Omnivorous copepod"
"Centropages hamatus",104466,"feeding","feeding_mode","predator",2,"score","ECO","ECO:0000201","Literature","Occasionally predatory"
"Centropages hamatus",104466,"habitat","zone","pelagic",3,"score","ENVO","ENVO:00000208","Literature","Planktonic"
"Centropages hamatus",104466,"life_history","mobility","swimmer",3,"score","PCO","PCO:0000022","Literature","Active swimmer"
"Cerastoderma glaucum",138999,"life_history","mobility","burrower",3,"score","PCO","PCO:0000031","BIOTIC","Shallow burrower"
"Cerastoderma glaucum",138999,"feeding","feeding_mode","suspension_feeder",3,"score","ECO","ECO:0000212","BIOTIC","Primary feeding"
"Cerastoderma glaucum",138999,"feeding","feeding_mode","filter_feeder",3,"score","ECO","ECO:0000212","BIOTIC","Active filtration"
"Cerastoderma glaucum",138999,"feeding","diet","phytoplankton",3,"score","FOODON","FOODON:03430131","BIOTIC","Diatoms dinoflagellates"
"Cerastoderma glaucum",138999,"feeding","diet","detritus",2,"score","FOODON","FOODON:00002403","Literature","Organic particles"
"Cerastoderma glaucum",138999,"habitat","substrate","soft_sediment",3,"score","ENVO","ENVO:00002007","BIOTIC","Sand and mud"
"Cerastoderma glaucum",138999,"habitat","zone","benthic_zone",3,"score","ENVO","ENVO:00002030","BIOTIC","Shallow infaunal"
"Cerastoderma glaucum",138999,"habitat","zone","intertidal_zone",2,"score","ENVO","ENVO:00000316","Literature","Tolerates intertidal"
"Cerastoderma glaucum",138999,"life_history","protection","bivalve_shell",3,"score","PCO","PCO:0000044","BIOTIC","Thick ribbed shell"
"Ceratium spp.",109796,"feeding","feeding_mode","photosynthesis",2,"score","ECO","ECO:0000304","Literature","Mixotrophic"
"Ceratium spp.",109796,"feeding","feeding_mode","predator",1,"score","ECO","ECO:0000201","Literature","Occasionally predatory"
"Ceratium spp.",109796,"habitat","zone","pelagic",3,"score","ENVO","ENVO:00000208","Literature","Planktonic dinoflagellate"
"Ceratium spp.",109796,"life_history","mobility","swimmer",2,"score","PCO","PCO:0000022","Literature","Motile with flagella"
"Chaetoceros spp.",148737,"habitat","zone","pelagic",3,"score","ENVO","ENVO:00000208","Literature","Planktonic diatom"
"Chaetoceros spp.",148737,"life_history","mobility","floater",3,"score","PCO","PCO:0000028","Literature","Passive drifter"
"Chaetoceros spp.",148737,"feeding","feeding_mode","photosynthesis",3,"score","ECO","ECO:0000304","Literature","Primary producer"
"Chaetoceros spp.",148737,"feeding","feeding_mode","autotroph",3,"score","ECO","ECO:0000305","Literature","Autotrophic diatom"
"Clupea harengus",126417,"habitat","zone","pelagic",3,"score","ENVO","ENVO:00000208","Literature","Pelagic schooling fish"
"Clupea harengus",126417,"life_history","mobility","swimmer",3,"score","PCO","PCO:0000022","Literature","Highly mobile pelagic swimmer"
"Clupea harengus",126417,"feeding","feeding_mode","filter_feeder",3,"score","ECO","ECO:0000212","Literature","Suspension feeding on plankton"
"Clupea harengus",126417,"feeding","diet","zooplankton",3,"score","FOODON","FOODON:03411173","Literature","Primary diet - planktivore"
"Clupea harengus",126417,"feeding","diet","phytoplankton",1,"score","FOODON","FOODON:03430131","Literature","Occasional diet"
"Corophium volutator",102267,"feeding","feeding_mode","surface_deposit_feeder",3,"score","ECO","ECO:0000205","BIOTIC","Selective feeding"
"Corophium volutator",102267,"feeding","feeding_mode","suspension_feeder",2,"score","ECO","ECO:0000212","Literature","Facultative"
"Corophium volutator",102267,"feeding","diet","detritus",3,"score","FOODON","FOODON:00002403","BIOTIC","Fine organic matter"
"Corophium volutator",102267,"feeding","diet","bacteria",2,"score","FOODON","FOODON:03316073","Literature","Microbial component"
"Corophium volutator",102267,"feeding","diet","phytoplankton",2,"score","FOODON","FOODON:03430131","Literature","Benthic diatoms"
"Corophium volutator",102267,"habitat","substrate","soft_sediment",3,"score","ENVO","ENVO:00002007","BIOTIC","Mud"
"Corophium volutator",102267,"habitat","zone","benthic_zone",3,"score","ENVO","ENVO:00002030","BIOTIC","U-shaped burrows"
"Corophium volutator",102267,"habitat","zone","intertidal_zone",3,"score","ENVO","ENVO:00000316","Literature","Mudflat specialist"
"Corophium volutator",102267,"life_history","mobility","burrower",3,"score","PCO","PCO:0000031","BIOTIC","Tube dweller"
"Corophium volutator",102267,"life_history","protection","exoskeleton",3,"score","PCO","PCO:0000046","BIOTIC","Amphipod carapace"
"Coscinodiscus spp.",148739,"feeding","feeding_mode","photosynthesis",3,"score","ECO","ECO:0000304","Literature","Primary producer"
"Coscinodiscus spp.",148739,"feeding","feeding_mode","autotroph",3,"score","ECO","ECO:0000305","Literature","Autotrophic diatom"
"Coscinodiscus spp.",148739,"habitat","zone","pelagic",3,"score","ENVO","ENVO:00000208","Literature","Planktonic diatom"
"Coscinodiscus spp.",148739,"life_history","mobility","floater",3,"score","PCO","PCO:0000028","Literature","Passive drifter"
"Crangon crangon",107231,"feeding","diet","invertebrates",3,"score","FOODON","FOODON:03411656","Literature","Small invertebrates"
"Crangon crangon",107231,"feeding","diet","fish",1,"score","FOODON","FOODON:03411222","Literature","Fish larvae occasionally"
"Crangon crangon",107231,"habitat","substrate","soft_sediment",3,"score","ENVO","ENVO:00002008","Literature","Sandy/muddy bottoms"
"Crangon crangon",107231,"life_history","mobility","crawler",3,"score","PCO","PCO:0000026","Literature","Benthic crawler"
"Crangon crangon",107231,"life_history","mobility","swimmer",2,"score","PCO","PCO:0000022","Literature","Can swim when needed"
"Crangon crangon",107231,"habitat","zone","benthic",3,"score","ENVO","ENVO:00002030","Literature","Benthic shrimp"
"Crangon crangon",107231,"feeding","feeding_mode","predator",3,"score","ECO","ECO:0000201","Literature","Opportunistic predator"
"Crangon crangon",107231,"feeding","feeding_mode","scavenger",2,"score","ECO","ECO:0000208","Literature","Scavenges carrion"
"Dinophysis spp.",109791,"habitat","zone","pelagic",3,"score","ENVO","ENVO:00000208","Literature","Planktonic"
"Dinophysis spp.",109791,"life_history","mobility","swimmer",2,"score","PCO","PCO:0000022","Literature","Weakly motile"
"Dinophysis spp.",109791,"feeding","feeding_mode","photosynthesis",2,"score","ECO","ECO:0000304","Literature","Mixotrophic dinoflagellate"
"Dinophysis spp.",109791,"feeding","feeding_mode","predator",2,"score","ECO","ECO:0000201","Literature","Feeds on other protists"
"Echinocardium cordatum",124379,"feeding","feeding_mode","deposit_feeder",3,"score","ECO","ECO:0000205","Literature","Subsurface deposit feeder"
"Echinocardium cordatum",124379,"life_history","mobility","burrower",3,"score","PCO","PCO:0000031","Literature","Deep burrower"
"Echinocardium cordatum",124379,"feeding","diet","detritus",3,"score","FOODON","FOODON:00002403","Literature","Organic matter in sediment"
"Echinocardium cordatum",124379,"habitat","zone","benthic",3,"score","ENVO","ENVO:00002030","Literature","Burrowing urchin"
"Echinocardium cordatum",124379,"habitat","substrate","soft_sediment",3,"score","ENVO","ENVO:00002008","Literature","Sandy sediments"
"Evadne nordmanni",106288,"habitat","zone","pelagic",3,"score","ENVO","ENVO:00000208","Literature","Planktonic"
"Evadne nordmanni",106288,"feeding","feeding_mode","filter_feeder",3,"score","ECO","ECO:0000212","Literature","Cladoceran filter feeder"
"Evadne nordmanni",106288,"feeding","diet","phytoplankton",3,"score","FOODON","FOODON:03430131","Literature","Primary diet"
"Evadne nordmanni",106288,"life_history","mobility","swimmer",2,"score","PCO","PCO:0000022","Literature","Weak swimmer"
"Fritillaria borealis",103404,"feeding","diet","phytoplankton",3,"score","FOODON","FOODON:03430131","Literature","Filters phytoplankton"
"Fritillaria borealis",103404,"habitat","zone","pelagic",3,"score","ENVO","ENVO:00000208","Literature","Planktonic tunicate"
"Fritillaria borealis",103404,"feeding","feeding_mode","filter_feeder",3,"score","ECO","ECO:0000212","Literature","Appendicularian filter feeder"
"Fritillaria borealis",103404,"life_history","mobility","swimmer",2,"score","PCO","PCO:0000022","Literature","Tail propulsion"
"Gadus morhua",126436,"feeding","diet","fish",3,"score","FOODON","FOODON:03411222","Literature","Primary diet - piscivore"
"Gadus morhua",126436,"feeding","feeding_mode","predator",3,"score","ECO","ECO:0000201","Literature","Primary feeding mode - piscivorous predator"
"Gadus morhua",126436,"habitat","zone","subtidal",3,"score","ENVO","ENVO:00002149","Literature","Offshore waters"
"Gadus morhua",126436,"life_history","mobility","swimmer",3,"score","PCO","PCO:0000022","Literature","Active swimmer"
"Gadus morhua",126436,"feeding","diet","crustaceans",2,"score","FOODON","FOODON:03411136","Literature","Secondary diet"
"Gadus morhua",126436,"habitat","zone","benthopelagic",3,"score","ENVO","ENVO:00002042","Literature","Demersal fish"
"Gammarus oceanicus",101570,"feeding","diet","detritus",3,"score","FOODON","FOODON:00002403","BIOTIC","Primary diet"
"Gammarus oceanicus",101570,"feeding","diet","carrion",3,"score","FOODON","FOODON:03301226","Literature","Scavenging"
"Gammarus oceanicus",101570,"feeding","feeding_mode","scavenger",3,"score","ECO","ECO:0000214","BIOTIC","Opportunistic scavenger"
"Gammarus oceanicus",101570,"feeding","feeding_mode","predator",2,"score","ECO","ECO:0000213","Literature","Small prey"
"Gammarus oceanicus",101570,"feeding","feeding_mode","grazer",2,"score","ECO","ECO:0000211","Literature","Algae and biofilm"
"Gammarus oceanicus",101570,"feeding","diet","macroalgae",2,"score","FOODON","FOODON:03420116","Literature","Green and brown algae"
"Gammarus oceanicus",101570,"feeding","diet","small_invertebrates",2,"score","FOODON","FOODON:03411278","Literature","Predation"
"Gammarus oceanicus",101570,"habitat","substrate","hard_substrate",2,"score","ENVO","ENVO:01000814","Literature","Rocky areas"
"Gammarus oceanicus",101570,"habitat","substrate","soft_sediment",2,"score","ENVO","ENVO:00002007","Literature","Also in sediment"
"Gammarus oceanicus",101570,"habitat","zone","benthic_zone",3,"score","ENVO","ENVO:00002030","BIOTIC","Epifaunal"
"Gammarus oceanicus",101570,"life_history","mobility","crawler",3,"score","PCO","PCO:0000032","BIOTIC","Active crawler"
"Gammarus oceanicus",101570,"life_history","mobility","swimmer",2,"score","PCO","PCO:0000033","Literature","Can swim short distances"
"Gammarus oceanicus",101570,"life_history","protection","exoskeleton",3,"score","PCO","PCO:0000046","BIOTIC","Chitinous exoskeleton"
"Gasterosteus aculeatus",126774,"habitat","zone","pelagic",2,"score","ENVO","ENVO:00000208","Literature","Coastal waters"
"Gasterosteus aculeatus",126774,"life_history","mobility","swimmer",3,"score","PCO","PCO:0000022","Literature","Active swimmer"
"Gasterosteus aculeatus",126774,"feeding","feeding_mode","predator",3,"score","ECO","ECO:0000201","Literature","Small predator"
"Gasterosteus aculeatus",126774,"feeding","diet","zooplankton",2,"score","FOODON","FOODON:03411173","Literature","Copepods and larvae"
"Gasterosteus aculeatus",126774,"feeding","diet","invertebrates",3,"score","FOODON","FOODON:03411656","Literature","Small invertebrates"
"Hediste diversicolor",130455,"feeding","feeding_mode","scavenger",2,"score","ECO","ECO:0000214","BIOTIC","Feeds on carrion"
"Hediste diversicolor",130455,"feeding","feeding_mode","surface_deposit_feeder",2,"score","ECO","ECO:0000205","Literature","Versatile feeder"
"Hediste diversicolor",130455,"feeding","feeding_mode","predator",2,"score","ECO","ECO:0000213","BIOTIC","Opportunistic predator"
"Hediste diversicolor",130455,"feeding","diet","detritus",2,"score","FOODON","FOODON:00002403","BIOTIC","Opportunistic"
"Hediste diversicolor",130455,"feeding","diet","carrion",2,"score","FOODON","FOODON:03301226","Literature","Scavenging"
"Hediste diversicolor",130455,"feeding","feeding_mode","subsurface_deposit_feeder",1,"score","ECO","ECO:0000206","Literature","Occasional"
"Hediste diversicolor",130455,"feeding","diet","small_invertebrates",3,"score","FOODON","FOODON:03411278","Literature","Polychaetes amphipods"
"Hediste diversicolor",130455,"habitat","zone","intertidal_zone",3,"score","ENVO","ENVO:00000316","Literature","Common in estuaries"
"Hediste diversicolor",130455,"life_history","mobility","burrower",3,"score","PCO","PCO:0000031","BIOTIC","Creates U-shaped burrows"
"Hediste diversicolor",130455,"habitat","substrate","soft_sediment",3,"score","ENVO","ENVO:00002007","BIOTIC","Mud flats"
"Hediste diversicolor",130455,"habitat","zone","benthic_zone",3,"score","ENVO","ENVO:00002030","BIOTIC","Burrow dweller"
"Hediste diversicolor",130455,"life_history","mobility","crawler",2,"score","PCO","PCO:0000032","Literature","Can leave burrow"
"Hediste diversicolor",130455,"life_history","protection","soft_body",3,"score","PCO","PCO:0000045","BIOTIC","No hard protection"
"Hydrobia ulvae",140515,"feeding","feeding_mode","grazer",3,"score","ECO","ECO:0000211","BIOTIC","Microalgae and biofilm"
"Hydrobia ulvae",140515,"feeding","feeding_mode","surface_deposit_feeder",3,"score","ECO","ECO:0000205","BIOTIC","Grazes on surface"
"Hydrobia ulvae",140515,"habitat","substrate","soft_sediment",3,"score","ENVO","ENVO:00002007","BIOTIC","Mudflats"
"Hydrobia ulvae",140515,"feeding","diet","detritus",2,"score","FOODON","FOODON:00002403","BIOTIC","Organic particles"
"Hydrobia ulvae",140515,"feeding","diet","biofilm",3,"score","FOODON","FOODON:03420227","Literature","Benthic diatoms"
"Hydrobia ulvae",140515,"feeding","diet","bacteria",2,"score","FOODON","FOODON:03316073","Literature","Microbial component"
"Hydrobia ulvae",140515,"life_history","protection","gastropod_shell",3,"score","PCO","PCO:0000044","BIOTIC","Calcareous shell"
"Hydrobia ulvae",140515,"habitat","zone","benthic_zone",3,"score","ENVO","ENVO:00002030","BIOTIC","Surface dweller"
"Hydrobia ulvae",140515,"habitat","zone","intertidal_zone",3,"score","ENVO","ENVO:00000316","Literature","Intertidal specialist"
"Hydrobia ulvae",140515,"life_history","mobility","crawler",3,"score","PCO","PCO:0000032","BIOTIC","Surface crawler"
"Idotea balthica",118987,"feeding","diet","macroalgae",3,"score","FOODON","FOODON:03420116","BIOTIC","Brown and green algae"
"Idotea balthica",118987,"feeding","feeding_mode","grazer",3,"score","ECO","ECO:0000211","BIOTIC","Herbivore"
"Idotea balthica",118987,"feeding","feeding_mode","scavenger",2,"score","ECO","ECO:0000214","Literature","Opportunistic"
"Idotea balthica",118987,"habitat","substrate","macrophyte_beds",3,"score","ENVO","ENVO:01000059","Literature","Fucus beds"
"Idotea balthica",118987,"feeding","diet","detritus",2,"score","FOODON","FOODON:00002403","Literature","Plant detritus"
"Idotea balthica",118987,"feeding","diet","carrion",1,"score","FOODON","FOODON:03301226","Literature","Occasional"
"Idotea balthica",118987,"habitat","substrate","hard_substrate",2,"score","ENVO","ENVO:01000814","Literature","On algae and stones"
"Idotea balthica",118987,"life_history","protection","exoskeleton",3,"score","PCO","PCO:0000046","BIOTIC","Isopod carapace"
"Idotea balthica",118987,"habitat","zone","benthic_zone",3,"score","ENVO","ENVO:00002030","BIOTIC","Epifaunal"
"Idotea balthica",118987,"life_history","mobility","crawler",3,"score","PCO","PCO:0000032","BIOTIC","Active crawler"
"Idotea balthica",118987,"life_history","mobility","swimmer",2,"score","PCO","PCO:0000033","Literature","Good swimmer"
"Jaera albifrons",247466,"feeding","feeding_mode","grazer",3,"score","ECO","ECO:0000211","BIOTIC","Herbivore"
"Jaera albifrons",247466,"feeding","feeding_mode","scavenger",2,"score","ECO","ECO:0000214","Literature","Opportunistic"
"Jaera albifrons",247466,"habitat","substrate","hard_substrate",3,"score","ENVO","ENVO:01000814","BIOTIC","Under stones algae"
"Jaera albifrons",247466,"habitat","zone","benthic_zone",3,"score","ENVO","ENVO:00002030","BIOTIC","Cryptic habitat"
"Jaera albifrons",247466,"feeding","diet","macroalgae",3,"score","FOODON","FOODON:03420116","BIOTIC","Brown and red algae"
"Jaera albifrons",247466,"feeding","diet","detritus",2,"score","FOODON","FOODON:00002403","Literature","Plant detritus"
"Jaera albifrons",247466,"life_history","protection","exoskeleton",3,"score","PCO","PCO:0000046","BIOTIC","Isopod carapace"
"Jaera albifrons",247466,"habitat","zone","intertidal_zone",3,"score","ENVO","ENVO:00000316","Literature","Rocky shores"
"Jaera albifrons",247466,"life_history","mobility","crawler",3,"score","PCO","PCO:0000032","BIOTIC","Slow crawler"
"Lanice conchilega",131028,"feeding","feeding_mode","suspension_feeder",3,"score","ECO","ECO:0000212","Literature","Tube-dwelling suspension feeder"
"Lanice conchilega",131028,"feeding","feeding_mode","deposit_feeder",2,"score","ECO","ECO:0000205","Literature","Also deposit feeds"
"Lanice conchilega",131028,"feeding","diet","phytoplankton",2,"score","FOODON","FOODON:03430131","Literature","Suspended particles"
"Lanice conchilega",131028,"feeding","diet","detritus",2,"score","FOODON","FOODON:00002403","Literature","Organic particles"
"Lanice conchilega",131028,"habitat","zone","benthic",3,"score","ENVO","ENVO:00002030","Literature","Tube-building polychaete"
"Lanice conchilega",131028,"habitat","substrate","soft_sediment",3,"score","ENVO","ENVO:00002008","Literature","Sandy/muddy bottoms"
"Lanice conchilega",131028,"life_history","mobility","sessile",3,"score","PCO","PCO:0000023","Literature","Sessile in tube"
"Limanda limanda",127139,"habitat","zone","benthic",3,"score","ENVO","ENVO:00002030","Literature","Benthic flatfish"
"Limanda limanda",127139,"habitat","substrate","soft_sediment",3,"score","ENVO","ENVO:00002008","Literature","Sandy bottoms"
"Limanda limanda",127139,"feeding","diet","invertebrates",3,"score","FOODON","FOODON:03411656","Literature","Polychaetes and crustaceans"
"Limanda limanda",127139,"feeding","feeding_mode","predator",3,"score","ECO","ECO:0000201","Literature","Benthic predator"
"Limanda limanda",127139,"life_history","mobility","limited_swimmer",3,"score","PCO","PCO:0000027","Literature","Bottom-dwelling"
"Macoma balthica",141579,"life_history","mobility","limited_movement",2,"score","PCO","PCO:0000032","Literature","Can move through sediment"
"Macoma balthica",141579,"feeding","feeding_mode","surface_deposit_feeder",3,"score","ECO","ECO:0000205","BIOTIC","Primary feeding mode"
"Macoma balthica",141579,"feeding","feeding_mode","suspension_feeder",2,"score","ECO","ECO:0000212","BIOTIC","Facultative suspension feeding"
"Macoma balthica",141579,"feeding","diet","detritus",3,"score","FOODON","FOODON:00002403","BIOTIC","Primary diet"
"Macoma balthica",141579,"feeding","diet","phytoplankton",2,"score","FOODON","FOODON:03430131","Literature","When suspension feeding"
"Macoma balthica",141579,"feeding","diet","bacteria",2,"score","FOODON","FOODON:03316073","Literature","Associated with detritus"
"Macoma balthica",141579,"habitat","substrate","soft_sediment",3,"score","ENVO","ENVO:00002007","BIOTIC","Mud and sand"
"Macoma balthica",141579,"habitat","zone","benthic_zone",3,"score","ENVO","ENVO:00002030","BIOTIC","Infaunal"
"Macoma balthica",141579,"habitat","depth_range","shallow_subtidal",3,"score","ENVO","ENVO:00002149","Literature","0-50m typical"
"Macoma balthica",141579,"life_history","mobility","burrower",3,"score","PCO","PCO:0000031","BIOTIC","Lives within sediment"
"Macoma balthica",141579,"life_history","protection","bivalve_shell",3,"score","PCO","PCO:0000044","BIOTIC","Two calcareous valves"
"Marenzelleria spp.",234849,"feeding","feeding_mode","surface_deposit_feeder",2,"score","ECO","ECO:0000205","Literature","Opportunistic"
"Marenzelleria spp.",234849,"feeding","feeding_mode","subsurface_deposit_feeder",3,"score","ECO","ECO:0000206","BIOTIC","Deep deposit feeding"
"Marenzelleria spp.",234849,"feeding","diet","detritus",3,"score","FOODON","FOODON:00002403","BIOTIC","Organic matter in sediment"
"Marenzelleria spp.",234849,"feeding","diet","bacteria",2,"score","FOODON","FOODON:03316073","Literature","Associated with detritus"
"Marenzelleria spp.",234849,"habitat","substrate","soft_sediment",3,"score","ENVO","ENVO:00002007","BIOTIC","Mud"
"Marenzelleria spp.",234849,"habitat","zone","benthic_zone",3,"score","ENVO","ENVO:00002030","BIOTIC","Deep burrower"
"Marenzelleria spp.",234849,"life_history","mobility","burrower",3,"score","PCO","PCO:0000031","BIOTIC","Vertical burrows"
"Marenzelleria spp.",234849,"life_history","protection","soft_body",3,"score","PCO","PCO:0000045","BIOTIC","No hard protection"
"Merlangius merlangus",126438,"habitat","zone","benthopelagic",3,"score","ENVO","ENVO:00002042","Literature","Demersal"
"Merlangius merlangus",126438,"feeding","feeding_mode","predator",3,"score","ECO","ECO:0000201","Literature","Piscivorous predator"
"Merlangius merlangus",126438,"feeding","diet","fish",3,"score","FOODON","FOODON:03411222","Literature","Small fish"
"Merlangius merlangus",126438,"feeding","diet","crustaceans",2,"score","FOODON","FOODON:03411136","Literature","Shrimps"
"Merlangius merlangus",126438,"life_history","mobility","swimmer",3,"score","PCO","PCO:0000022","Literature","Active swimmer"
"Mya arenaria",140429,"feeding","feeding_mode","suspension_feeder",3,"score","ECO","ECO:0000212","BIOTIC","Primary feeding mode"
"Mya arenaria",140429,"feeding","feeding_mode","filter_feeder",3,"score","ECO","ECO:0000212","BIOTIC","Equivalent to suspension"
"Mya arenaria",140429,"feeding","diet","phytoplankton",3,"score","FOODON","FOODON:03430131","BIOTIC","Primary diet"
"Mya arenaria",140429,"feeding","diet","zooplankton",2,"score","FOODON","FOODON:03411173","Literature","Small zooplankton"
"Mya arenaria",140429,"feeding","diet","detritus",1,"score","FOODON","FOODON:00002403","Literature","Occasional"
"Mya arenaria",140429,"habitat","substrate","soft_sediment",3,"score","ENVO","ENVO:00002007","BIOTIC","Mud and sand"
"Mya arenaria",140429,"habitat","zone","benthic_zone",3,"score","ENVO","ENVO:00002030","BIOTIC","Deep burrower"
"Mya arenaria",140429,"habitat","depth_range","shallow_subtidal",3,"score","ENVO","ENVO:00002149","Literature","0-70m"
"Mya arenaria",140429,"life_history","mobility","burrower",3,"score","PCO","PCO:0000031","BIOTIC","Deep infaunal"
"Mya arenaria",140429,"life_history","mobility","sessile",2,"score","PCO","PCO:0000031","Literature","Limited movement once settled"
"Mya arenaria",140429,"life_history","protection","bivalve_shell",3,"score","PCO","PCO:0000044","BIOTIC","Thick calcareous shell"
"Myoxocephalus scorpius",127200,"habitat","zone","benthic",3,"score","ENVO","ENVO:00002030","Literature","Benthic sculpin"
"Myoxocephalus scorpius",127200,"feeding","feeding_mode","predator",3,"score","ECO","ECO:0000201","Literature","Ambush predator"
"Myoxocephalus scorpius",127200,"feeding","diet","fish",2,"score","FOODON","FOODON:03411222","Literature","Small fish"
"Myoxocephalus scorpius",127200,"feeding","diet","crustaceans",3,"score","FOODON","FOODON:03411136","Literature","Crabs and shrimps"
"Myoxocephalus scorpius",127200,"life_history","mobility","limited_swimmer",3,"score","PCO","PCO:0000027","Literature","Mostly stationary"
"Mytilus edulis",140481,"feeding","feeding_mode","suspension_feeder",3,"score","ECO","ECO:0000212","BIOTIC","Primary feeding mode"
"Mytilus edulis",140481,"feeding","diet","detritus",2,"score","FOODON","FOODON:00002403","Literature","Particulate organic matter"
"Mytilus edulis",140481,"feeding","diet","bacteria",1,"score","FOODON","FOODON:03316073","Literature","Small fraction"
"Mytilus edulis",140481,"feeding","feeding_mode","filter_feeder",3,"score","ECO","ECO:0000212","BIOTIC","Active filtration"
"Mytilus edulis",140481,"feeding","diet","phytoplankton",3,"score","FOODON","FOODON:03430131","BIOTIC","Primary diet"
"Mytilus edulis",140481,"habitat","zone","benthic_zone",3,"score","ENVO","ENVO:00002030","BIOTIC","Epifaunal"
"Mytilus edulis",140481,"habitat","zone","intertidal_zone",3,"score","ENVO","ENVO:00000316","Literature","Common in intertidal"
"Mytilus edulis",140481,"habitat","substrate","hard_substrate",3,"score","ENVO","ENVO:01000814","BIOTIC","Attaches to hard surfaces"
"Mytilus edulis",140481,"habitat","substrate","soft_sediment",1,"score","ENVO","ENVO:00002007","Literature","Can attach to shell debris"
"Mytilus edulis",140481,"life_history","mobility","sessile",3,"score","PCO","PCO:0000031","BIOTIC","Byssus attachment"
"Mytilus edulis",140481,"life_history","protection","bivalve_shell",3,"score","PCO","PCO:0000044","BIOTIC","Strong periostracum"
"Mytilus trossulus",140481,"feeding","feeding_mode","suspension_feeder",3,"score","ECO","ECO:0000212","Literature","Filter feeding mussel"
"Mytilus trossulus",140481,"feeding","feeding_mode","filter_feeder",3,"score","ECO","ECO:0000212","Literature","Suspension feeder"
"Mytilus trossulus",140481,"feeding","diet","phytoplankton",3,"score","FOODON","FOODON:03430131","Literature","Primary diet"
"Mytilus trossulus",140481,"feeding","diet","detritus",2,"score","FOODON","FOODON:00002403","Literature","Organic particles"
"Mytilus trossulus",140481,"habitat","zone","benthic",3,"score","ENVO","ENVO:00002030","Literature","Attached to substrate"
"Mytilus trossulus",140481,"habitat","zone","intertidal",3,"score","ENVO","ENVO:00002149","Literature","Common in intertidal"
"Mytilus trossulus",140481,"life_history","mobility","sessile",3,"score","PCO","PCO:0000023","Literature","Attached by byssal threads"
"Neomysis integer",120057,"feeding","diet","detritus",2,"score","FOODON","FOODON:00002403","Literature","Detritus"
"Neomysis integer",120057,"feeding","diet","zooplankton",2,"score","FOODON","FOODON:03411173","Literature","Small zooplankton"
"Neomysis integer",120057,"feeding","feeding_mode","filter_feeder",2,"score","ECO","ECO:0000212","Literature","Omnivorous mysid"
"Neomysis integer",120057,"feeding","feeding_mode","predator",2,"score","ECO","ECO:0000201","Literature","Also predatory"
"Neomysis integer",120057,"life_history","mobility","swimmer",3,"score","PCO","PCO:0000022","Literature","Active swimmer"
"Neomysis integer",120057,"habitat","zone","pelagic",2,"score","ENVO","ENVO:00000208","Literature","Swims in water column"
"Neomysis integer",120057,"habitat","zone","benthic",2,"score","ENVO","ENVO:00002030","Literature","Near bottom"
"Nereis diversicolor",130374,"feeding","feeding_mode","deposit_feeder",2,"score","ECO","ECO:0000205","Literature","Omnivorous polychaete"
"Nereis diversicolor",130374,"feeding","feeding_mode","predator",2,"score","ECO","ECO:0000201","Literature","Predatory"
"Nereis diversicolor",130374,"feeding","feeding_mode","scavenger",2,"score","ECO","ECO:0000208","Literature","Scavenges"
"Nereis diversicolor",130374,"feeding","diet","detritus",2,"score","FOODON","FOODON:00002403","Literature","Detritus"
"Nereis diversicolor",130374,"feeding","diet","invertebrates",2,"score","FOODON","FOODON:03411656","Literature","Small invertebrates"
"Nereis diversicolor",130374,"habitat","zone","benthic",3,"score","ENVO","ENVO:00002030","Literature","Burrowing polychaete"
"Nereis diversicolor",130374,"habitat","zone","intertidal",2,"score","ENVO","ENVO:00002149","Literature","Common in intertidal"
"Nereis diversicolor",130374,"life_history","mobility","burrower",3,"score","PCO","PCO:0000031","Literature","Lives in burrows"
"Nodularia spumigena",146441,"life_history","mobility","floater",3,"score","PCO","PCO:0000028","Literature","Buoyant colonies"
"Nodularia spumigena",146441,"feeding","feeding_mode","photosynthesis",3,"score","ECO","ECO:0000304","Literature","N-fixing cyanobacteria"
"Nodularia spumigena",146441,"feeding","feeding_mode","autotroph",3,"score","ECO","ECO:0000305","Literature","Autotrophic"
"Nodularia spumigena",146441,"habitat","zone","pelagic",3,"score","ENVO","ENVO:00000208","Literature","Forms surface blooms"
"Oithona spp.",104470,"feeding","diet","zooplankton",2,"score","FOODON","FOODON:03411173","Literature","Small zooplankton"
"Oithona spp.",104470,"feeding","diet","phytoplankton",2,"score","FOODON","FOODON:03430131","Literature","Phytoplankton"
"Oithona spp.",104470,"habitat","zone","pelagic",3,"score","ENVO","ENVO:00000208","Literature","Planktonic"
"Oithona spp.",104470,"feeding","feeding_mode","predator",2,"score","ECO","ECO:0000201","Literature","Ambush predator"
"Oithona spp.",104470,"feeding","feeding_mode","filter_feeder",2,"score","ECO","ECO:0000212","Literature","Also filters"
"Oithona spp.",104470,"life_history","mobility","swimmer",3,"score","PCO","PCO:0000022","Literature","Active swimmer"
"Oligochaeta",2036,"feeding","feeding_mode","subsurface_deposit_feeder",3,"score","ECO","ECO:0000206","BIOTIC","Typical oligochaete feeding"
"Oligochaeta",2036,"feeding","feeding_mode","surface_deposit_feeder",2,"score","ECO","ECO:0000205","Literature","Some taxa"
"Oligochaeta",2036,"feeding","diet","detritus",3,"score","FOODON","FOODON:00002403","BIOTIC","Primary diet"
"Oligochaeta",2036,"feeding","diet","bacteria",3,"score","FOODON","FOODON:03316073","Literature","Important component"
"Oligochaeta",2036,"habitat","substrate","soft_sediment",3,"score","ENVO","ENVO:00002007","BIOTIC","Mud"
"Oligochaeta",2036,"habitat","zone","benthic_zone",3,"score","ENVO","ENVO:00002030","BIOTIC","Infaunal"
"Oligochaeta",2036,"life_history","mobility","burrower",3,"score","PCO","PCO:0000031","BIOTIC","Within sediment"
"Oligochaeta",2036,"life_history","protection","soft_body",3,"score","PCO","PCO:0000045","BIOTIC","No hard protection"
"Ophiura spp.",123084,"feeding","feeding_mode","suspension_feeder",2,"score","ECO","ECO:0000212","Literature","Suspension feeding"
"Ophiura spp.",123084,"feeding","feeding_mode","deposit_feeder",2,"score","ECO","ECO:0000205","Literature","Deposit and suspension feeder"
"Ophiura spp.",123084,"life_history","mobility","crawler",2,"score","PCO","PCO:0000026","Literature","Limited movement"
"Ophiura spp.",123084,"feeding","diet","detritus",3,"score","FOODON","FOODON:00002403","Literature","Organic particles"
"Ophiura spp.",123084,"habitat","zone","benthic",3,"score","ENVO","ENVO:00002030","Literature","Benthic brittle star"
"Ostracoda",1078,"feeding","feeding_mode","suspension_feeder",2,"score","ECO","ECO:0000212","Literature","Some taxa"
"Ostracoda",1078,"feeding","feeding_mode","surface_deposit_feeder",2,"score","ECO","ECO:0000205","Literature","Some taxa"
"Ostracoda",1078,"feeding","feeding_mode","scavenger",2,"score","ECO","ECO:0000214","Literature","Opportunistic"
"Ostracoda",1078,"feeding","diet","detritus",3,"score","FOODON","FOODON:00002403","Literature","Variable diet"
"Ostracoda",1078,"feeding","diet","bacteria",2,"score","FOODON","FOODON:03316073","Literature","Microbial food"
"Ostracoda",1078,"feeding","diet","biofilm",2,"score","FOODON","FOODON:03420227","Literature","Algae and diatoms"
"Ostracoda",1078,"habitat","substrate","soft_sediment",3,"score","ENVO","ENVO:00002007","Literature","Various sediments"
"Ostracoda",1078,"habitat","zone","benthic_zone",3,"score","ENVO","ENVO:00002030","Literature","Benthic taxa"
"Ostracoda",1078,"life_history","mobility","crawler",2,"score","PCO","PCO:0000032","Literature","Benthic crawlers"
"Ostracoda",1078,"life_history","mobility","swimmer",2,"score","PCO","PCO:0000033","Literature","Some pelagic taxa"
"Ostracoda",1078,"life_history","protection","bivalve_carapace",3,"score","PCO","PCO:0000044","Literature","Calcified valves"
"Pagurus bernhardus",107223,"feeding","diet","detritus",3,"score","FOODON","FOODON:00002403","Literature","Detritus and carrion"
"Pagurus bernhardus",107223,"feeding","feeding_mode","scavenger",3,"score","ECO","ECO:0000208","Literature","Primarily scavenger"
"Pagurus bernhardus",107223,"feeding","feeding_mode","predator",2,"score","ECO","ECO:0000201","Literature","Occasionally predatory"
"Pagurus bernhardus",107223,"habitat","zone","benthic",3,"score","ENVO","ENVO:00002030","Literature","Benthic hermit crab"
"Pagurus bernhardus",107223,"life_history","mobility","crawler",3,"score","PCO","PCO:0000026","Literature","Active crawler"
"Palaemon adspersus",107590,"habitat","zone","benthic",2,"score","ENVO","ENVO:00002030","Literature","Among vegetation"
"Palaemon adspersus",107590,"feeding","diet","algae",2,"score","FOODON","FOODON:03430106","Literature","Macroalgae"
"Palaemon adspersus",107590,"feeding","feeding_mode","predator",2,"score","ECO","ECO:0000201","Literature","Omnivorous shrimp"
"Palaemon adspersus",107590,"life_history","mobility","swimmer",3,"score","PCO","PCO:0000022","Literature","Good swimmer"
"Palaemon adspersus",107590,"feeding","feeding_mode","grazer",2,"score","ECO","ECO:0000206","Literature","Grazes algae"
"Palaemon adspersus",107590,"feeding","diet","invertebrates",2,"score","FOODON","FOODON:03411656","Literature","Small invertebrates"
"Palaemon adspersus",107590,"feeding","feeding_mode","scavenger",2,"score","ECO","ECO:0000208","Literature","Scavenges"
"Platichthys flesus",127141,"feeding","feeding_mode","predator",3,"score","ECO","ECO:0000201","Literature","Benthic predator"
"Platichthys flesus",127141,"feeding","diet","invertebrates",3,"score","FOODON","FOODON:03411656","Literature","Polychaetes and molluscs"
"Platichthys flesus",127141,"habitat","zone","benthic",3,"score","ENVO","ENVO:00002030","Literature","Benthic flatfish"
"Platichthys flesus",127141,"life_history","mobility","limited_swimmer",3,"score","PCO","PCO:0000027","Literature","Bottom-dwelling with limited swimming"
"Platichthys flesus",127141,"habitat","substrate","soft_sediment",3,"score","ENVO","ENVO:00002008","Literature","Sandy/muddy bottoms"
"Pleopsis polyphemoides",106287,"feeding","feeding_mode","predator",3,"score","ECO","ECO:0000201","Literature","Predatory cladoceran"
"Pleopsis polyphemoides",106287,"feeding","diet","zooplankton",3,"score","FOODON","FOODON:03411173","Literature","Other zooplankton"
"Pleopsis polyphemoides",106287,"habitat","zone","pelagic",3,"score","ENVO","ENVO:00000208","Literature","Planktonic"
"Pleopsis polyphemoides",106287,"life_history","mobility","swimmer",3,"score","PCO","PCO:0000022","Literature","Active predator"
"Pleuronectes platessa",127143,"habitat","zone","benthic",3,"score","ENVO","ENVO:00002030","Literature","Benthic flatfish"
"Pleuronectes platessa",127143,"feeding","feeding_mode","predator",3,"score","ECO","ECO:0000201","Literature","Benthic predator"
"Pleuronectes platessa",127143,"feeding","diet","invertebrates",3,"score","FOODON","FOODON:03411656","Literature","Bivalves and polychaetes"
"Pleuronectes platessa",127143,"habitat","substrate","soft_sediment",3,"score","ENVO","ENVO:00002008","Literature","Sandy bottoms"
"Pleuronectes platessa",127143,"life_history","mobility","limited_swimmer",3,"score","PCO","PCO:0000027","Literature","Bottom-dwelling"
"Pomatoschistus microps",126884,"feeding","feeding_mode","predator",3,"score","ECO","ECO:0000201","Literature","Small benthic predator"
"Pomatoschistus microps",126884,"life_history","mobility","crawler",3,"score","PCO","PCO:0000026","Literature","Benthic crawler"
"Pomatoschistus microps",126884,"feeding","diet","invertebrates",3,"score","FOODON","FOODON:03411656","Literature","Small crustaceans"
"Pomatoschistus microps",126884,"habitat","zone","benthic",3,"score","ENVO","ENVO:00002030","Literature","Benthic goby"
"Pomatoschistus microps",126884,"habitat","zone","intertidal",2,"score","ENVO","ENVO:00002149","Literature","Often in intertidal pools"
"Praunus flexuosus",120064,"feeding","feeding_mode","predator",2,"score","ECO","ECO:0000201","Literature","Also predatory"
"Praunus flexuosus",120064,"feeding","feeding_mode","filter_feeder",2,"score","ECO","ECO:0000212","Literature","Omnivorous mysid"
"Praunus flexuosus",120064,"life_history","mobility","swimmer",3,"score","PCO","PCO:0000022","Literature","Active swimmer"
"Praunus flexuosus",120064,"feeding","diet","detritus",2,"score","FOODON","FOODON:00002403","Literature","Detritus"
"Praunus flexuosus",120064,"feeding","diet","zooplankton",2,"score","FOODON","FOODON:03411173","Literature","Small zooplankton"
"Praunus flexuosus",120064,"habitat","zone","pelagic",2,"score","ENVO","ENVO:00000208","Literature","Swims in water column"
"Prorocentrum spp.",109792,"life_history","mobility","swimmer",2,"score","PCO","PCO:0000022","Literature","Motile with flagella"
"Prorocentrum spp.",109792,"feeding","feeding_mode","photosynthesis",3,"score","ECO","ECO:0000304","Literature","Primary producer"
"Prorocentrum spp.",109792,"feeding","feeding_mode","autotroph",3,"score","ECO","ECO:0000305","Literature","Autotrophic dinoflagellate"
"Prorocentrum spp.",109792,"habitat","zone","pelagic",3,"score","ENVO","ENVO:00000208","Literature","Planktonic"
"Pseudo-nitzschia spp.",149209,"habitat","zone","pelagic",3,"score","ENVO","ENVO:00000208","Literature","Planktonic diatom"
"Pseudo-nitzschia spp.",149209,"life_history","mobility","floater",3,"score","PCO","PCO:0000028","Literature","Passive drifter"
"Pseudo-nitzschia spp.",149209,"feeding","feeding_mode","autotroph",3,"score","ECO","ECO:0000305","Literature","Autotrophic diatom"
"Pseudo-nitzschia spp.",149209,"feeding","feeding_mode","photosynthesis",3,"score","ECO","ECO:0000304","Literature","Primary producer"
"Pseudocalanus spp.",104269,"life_history","mobility","swimmer",3,"score","PCO","PCO:0000022","Literature","Active swimmer"
"Pseudocalanus spp.",104269,"feeding","feeding_mode","filter_feeder",3,"score","ECO","ECO:0000212","Literature","Suspension feeder"
"Pseudocalanus spp.",104269,"feeding","diet","phytoplankton",3,"score","FOODON","FOODON:03430131","Literature","Primary diet"
"Pseudocalanus spp.",104269,"habitat","zone","pelagic",3,"score","ENVO","ENVO:00000208","Literature","Planktonic copepod"
"Pygospio elegans",131202,"feeding","feeding_mode","surface_deposit_feeder",3,"score","ECO","ECO:0000205","BIOTIC","Primary mode"
"Pygospio elegans",131202,"feeding","feeding_mode","suspension_feeder",2,"score","ECO","ECO:0000212","Literature","Facultative suspension"
"Pygospio elegans",131202,"feeding","diet","detritus",3,"score","FOODON","FOODON:00002403","BIOTIC","Surface detritus"
"Pygospio elegans",131202,"feeding","diet","phytoplankton",2,"score","FOODON","FOODON:03430131","Literature","When suspension feeding"
"Pygospio elegans",131202,"habitat","substrate","soft_sediment",3,"score","ENVO","ENVO:00002007","BIOTIC","Mud and sand"
"Pygospio elegans",131202,"habitat","zone","benthic_zone",3,"score","ENVO","ENVO:00002030","BIOTIC","Tube dweller"
"Pygospio elegans",131202,"habitat","zone","intertidal_zone",3,"score","ENVO","ENVO:00000316","Literature","Common intertidally"
"Pygospio elegans",131202,"life_history","mobility","burrower",3,"score","PCO","PCO:0000031","BIOTIC","Builds tubes in sediment"
"Pygospio elegans",131202,"life_history","protection","soft_body",3,"score","PCO","PCO:0000045","BIOTIC","Tube provides shelter"
"Rhizosolenia spp.",149063,"feeding","feeding_mode","photosynthesis",3,"score","ECO","ECO:0000304","Literature","Primary producer"
"Rhizosolenia spp.",149063,"life_history","mobility","floater",3,"score","PCO","PCO:0000028","Literature","Passive drifter"
"Rhizosolenia spp.",149063,"habitat","zone","pelagic",3,"score","ENVO","ENVO:00000208","Literature","Planktonic diatom"
"Rhizosolenia spp.",149063,"feeding","feeding_mode","autotroph",3,"score","ECO","ECO:0000305","Literature","Autotrophic diatom"
"Saduria entomon",118930,"feeding","feeding_mode","predator",3,"score","ECO","ECO:0000213","BIOTIC","Active predator"
"Saduria entomon",118930,"feeding","feeding_mode","scavenger",2,"score","ECO","ECO:0000214","Literature","Opportunistic"
"Saduria entomon",118930,"feeding","diet","small_invertebrates",3,"score","FOODON","FOODON:03411278","BIOTIC","Amphipods polychaetes"
"Saduria entomon",118930,"feeding","diet","carrion",2,"score","FOODON","FOODON:03301226","Literature","Scavenging"
"Saduria entomon",118930,"habitat","substrate","soft_sediment",3,"score","ENVO","ENVO:00002007","BIOTIC","Mud bottoms"
"Saduria entomon",118930,"life_history","mobility","swimmer",2,"score","PCO","PCO:0000033","Literature","Can swim"
"Saduria entomon",118930,"habitat","zone","benthic_zone",3,"score","ENVO","ENVO:00002030","BIOTIC","Bottom dweller"
"Saduria entomon",118930,"habitat","depth_range","shallow_subtidal",3,"score","ENVO","ENVO:00002149","Literature","5-50m typical"
"Saduria entomon",118930,"life_history","mobility","crawler",3,"score","PCO","PCO:0000032","BIOTIC","Active benthic crawler"
"Saduria entomon",118930,"life_history","protection","exoskeleton",3,"score","PCO","PCO:0000046","BIOTIC","Crustacean carapace"
"Skeletonema costatum",149080,"feeding","feeding_mode","autotroph",3,"score","ECO","ECO:0000305","Literature","Autotrophic diatom"
"Skeletonema costatum",149080,"habitat","zone","pelagic",3,"score","ENVO","ENVO:00000208","Literature","Planktonic diatom"
"Skeletonema costatum",149080,"feeding","feeding_mode","photosynthesis",3,"score","ECO","ECO:0000304","Literature","Primary producer"
"Skeletonema costatum",149080,"life_history","mobility","floater",3,"score","PCO","PCO:0000028","Literature","Passive drifter"
"Sprattus sprattus",126425,"habitat","zone","pelagic",3,"score","ENVO","ENVO:00000208","Literature","Pelagic schooling fish"
"Sprattus sprattus",126425,"feeding","feeding_mode","filter_feeder",3,"score","ECO","ECO:0000212","Literature","Planktivorous filter feeder"
"Sprattus sprattus",126425,"feeding","diet","zooplankton",3,"score","FOODON","FOODON:03411173","Literature","Primary diet - copepods"
"Sprattus sprattus",126425,"feeding","diet","phytoplankton",1,"score","FOODON","FOODON:03430131","Literature","Occasional diet"
"Sprattus sprattus",126425,"life_history","mobility","swimmer",3,"score","PCO","PCO:0000022","Literature","Pelagic swimmer"
"Temora longicornis",104466,"habitat","zone","pelagic",3,"score","ENVO","ENVO:00000208","Literature","Planktonic copepod"
"Temora longicornis",104466,"life_history","mobility","swimmer",3,"score","PCO","PCO:0000022","Literature","Active swimmer"
"Temora longicornis",104466,"feeding","feeding_mode","filter_feeder",3,"score","ECO","ECO:0000212","Literature","Suspension feeder"
"Temora longicornis",104466,"feeding","diet","phytoplankton",3,"score","FOODON","FOODON:03430131","Literature","Primary diet - diatoms"
"Thalassiosira spp.",149072,"life_history","mobility","floater",3,"score","PCO","PCO:0000028","Literature","Passive drifter"
"Thalassiosira spp.",149072,"feeding","feeding_mode","photosynthesis",3,"score","ECO","ECO:0000304","Literature","Primary producer"
"Thalassiosira spp.",149072,"feeding","feeding_mode","autotroph",3,"score","ECO","ECO:0000305","Literature","Autotrophic diatom"
"Thalassiosira spp.",149072,"habitat","zone","pelagic",3,"score","ENVO","ENVO:00000208","Literature","Planktonic diatom"
"Theodoxus fluviatilis",138610,"feeding","feeding_mode","grazer",3,"score","ECO","ECO:0000211","BIOTIC","Scrapes surfaces"
"Theodoxus fluviatilis",138610,"habitat","zone","benthic_zone",3,"score","ENVO","ENVO:00002030","BIOTIC","Epilithic"
"Theodoxus fluviatilis",138610,"feeding","diet","biofilm",3,"score","FOODON","FOODON:03420227","BIOTIC","Epilithic algae"
"Theodoxus fluviatilis",138610,"feeding","diet","detritus",1,"score","FOODON","FOODON:00002403","Literature","Minor component"
"Theodoxus fluviatilis",138610,"habitat","substrate","hard_substrate",3,"score","ENVO","ENVO:01000814","BIOTIC","Stones rocks shells"
"Theodoxus fluviatilis",138610,"life_history","mobility","crawler",3,"score","PCO","PCO:0000032","BIOTIC","Slow crawler"
"Theodoxus fluviatilis",138610,"life_history","protection","gastropod_shell",3,"score","PCO","PCO:0000044","BIOTIC","Thick rounded shell"
"Trisopterus esmarkii",126440,"feeding","feeding_mode","predator",3,"score","ECO","ECO:0000201","Literature","Predator"
"Trisopterus esmarkii",126440,"feeding","diet","crustaceans",3,"score","FOODON","FOODON:03411136","Literature","Krill and copepods"
"Trisopterus esmarkii",126440,"habitat","zone","benthopelagic",3,"score","ENVO","ENVO:00002042","Literature","Demersal"
"Trisopterus esmarkii",126440,"life_history","mobility","swimmer",3,"score","PCO","PCO:0000022","Literature","Schooling swimmer"
"Zoarces viviparus",126437,"habitat","zone","benthic",3,"score","ENVO","ENVO:00002030","Literature","Benthic eelpout"
"Zoarces viviparus",126437,"life_history","mobility","crawler",3,"score","PCO","PCO:0000026","Literature","Benthic crawler"
"Zoarces viviparus",126437,"feeding","feeding_mode","predator",3,"score","ECO","ECO:0000201","Literature","Benthic predator"
"Zoarces viviparus",126437,"feeding","diet","invertebrates",3,"score","FOODON","FOODON:03411656","Literature","Crustaceans and molluscs"
"Ammodytes marinus",126734,"morphology","max_length","body_size",NA,"cm","PATO","PATO:0000117","FishBase","Maximum total length (automated extraction)"
"Anguilla anguilla",126281,"morphology","max_length","body_size",NA,"cm","PATO","PATO:0000117","FishBase","Maximum total length (automated extraction)"
"Anguilla anguilla",126281,"morphology","max_weight","body_mass",NA,"kg","PATO","PATO:0000125","FishBase","Maximum weight (automated extraction)"
"Asterias rubens",123776,"morphology","max_length","body_size",NA,"cm","PATO","PATO:0000117","SeaLifeBase","Maximum total length (automated extraction)"
"Cancer pagurus",107276,"morphology","max_length","body_size",NA,"cm","PATO","PATO:0000117","SeaLifeBase","Maximum total length (automated extraction)"
"Carcinus maenas",107381,"morphology","max_length","body_size",NA,"cm","PATO","PATO:0000117","SeaLifeBase","Maximum total length (automated extraction)"
"Clupea harengus",126417,"morphology","max_length","body_size",NA,"cm","PATO","PATO:0000117","FishBase","Maximum total length (automated extraction)"
"Clupea harengus",126417,"morphology","max_weight","body_mass",NA,"kg","PATO","PATO:0000125","FishBase","Maximum weight (automated extraction)"
"Crangon crangon",107231,"morphology","max_length","body_size",NA,"cm","PATO","PATO:0000117","SeaLifeBase","Maximum total length (automated extraction)"
"Echinocardium cordatum",124379,"morphology","max_length","body_size",NA,"cm","PATO","PATO:0000117","SeaLifeBase","Maximum total length (automated extraction)"
"Gadus morhua",126436,"morphology","max_length","body_size",NA,"cm","PATO","PATO:0000117","FishBase","Maximum total length (automated extraction)"
"Gadus morhua",126436,"morphology","max_weight","body_mass",NA,"kg","PATO","PATO:0000125","FishBase","Maximum weight (automated extraction)"
"Gasterosteus aculeatus",126774,"morphology","max_length","body_size",NA,"cm","PATO","PATO:0000117","FishBase","Maximum total length (automated extraction)"
"Lanice conchilega",131028,"morphology","max_length","body_size",NA,"cm","PATO","PATO:0000117","SeaLifeBase","Maximum total length (automated extraction)"
"Limanda limanda",127139,"morphology","max_length","body_size",NA,"cm","PATO","PATO:0000117","FishBase","Maximum total length (automated extraction)"
"Limanda limanda",127139,"morphology","max_weight","body_mass",NA,"kg","PATO","PATO:0000125","FishBase","Maximum weight (automated extraction)"
"Macoma balthica",141579,"morphology","max_length","body_size",NA,"cm","PATO","PATO:0000117","SeaLifeBase","Maximum total length (automated extraction)"
"Merlangius merlangus",126438,"morphology","max_length","body_size",NA,"cm","PATO","PATO:0000117","FishBase","Maximum total length (automated extraction)"
"Merlangius merlangus",126438,"morphology","max_weight","body_mass",NA,"kg","PATO","PATO:0000125","FishBase","Maximum weight (automated extraction)"
"Mya arenaria",140429,"morphology","max_length","body_size",NA,"cm","PATO","PATO:0000117","SeaLifeBase","Maximum total length (automated extraction)"
"Myoxocephalus scorpius",127200,"morphology","max_length","body_size",NA,"cm","PATO","PATO:0000117","FishBase","Maximum total length (automated extraction)"
"Mytilus edulis",140481,"morphology","max_length","body_size",NA,"cm","PATO","PATO:0000117","SeaLifeBase","Maximum total length (automated extraction)"
"Mytilus trossulus",140481,"morphology","max_length","body_size",NA,"cm","PATO","PATO:0000117","SeaLifeBase","Maximum total length (automated extraction)"
"Palaemon adspersus",107590,"morphology","max_length","body_size",NA,"cm","PATO","PATO:0000117","SeaLifeBase","Maximum total length (automated extraction)"
"Platichthys flesus",127141,"morphology","max_length","body_size",NA,"cm","PATO","PATO:0000117","FishBase","Maximum total length (automated extraction)"
"Platichthys flesus",127141,"morphology","max_weight","body_mass",NA,"kg","PATO","PATO:0000125","FishBase","Maximum weight (automated extraction)"
"Pleuronectes platessa",127143,"morphology","max_length","body_size",NA,"cm","PATO","PATO:0000117","FishBase","Maximum total length (automated extraction)"
"Pleuronectes platessa",127143,"morphology","max_weight","body_mass",NA,"kg","PATO","PATO:0000125","FishBase","Maximum weight (automated extraction)"
"Pomatoschistus microps",126884,"morphology","max_length","body_size",NA,"cm","PATO","PATO:0000117","FishBase","Maximum total length (automated extraction)"
"Sprattus sprattus",126425,"morphology","max_length","body_size",NA,"cm","PATO","PATO:0000117","FishBase","Maximum total length (automated extraction)"
"Trisopterus esmarkii",126440,"morphology","max_length","body_size",NA,"cm","PATO","PATO:0000117","FishBase","Maximum total length (automated extraction)"
"Zoarces viviparus",126437,"morphology","max_length","body_size",NA,"cm","PATO","PATO:0000117","FishBase","Maximum total length (automated extraction)"
"Zoarces viviparus",126437,"morphology","max_weight","body_mass",NA,"kg","PATO","PATO:0000125","FishBase","Maximum weight (automated extraction)"
"Mytilus edulis",140480,"morphology","body_protection","shell",3,NA,"PATO","PATO:0002258","Literature","Thick calcareous shell"
"Macoma balthica",141579,"morphology","body_protection","shell",2,NA,"PATO","PATO:0002258","Literature","Thin shell + burrowing"
"Mya arenaria",140430,"morphology","body_protection","shell",3,NA,"PATO","PATO:0002258","Literature","Thick shell + deep burrowing"
"Crangon crangon",107381,"morphology","body_protection","exoskeleton",2,NA,"UBERON","UBERON:0006612","Literature","Light chitinous exoskeleton"
"Asterias rubens",123776,"morphology","body_protection","ossicles_spines",2,NA,"PATO","PATO:0002266","Literature","Calcareous ossicles and spines"
"Carcinus maenas",107381,"morphology","body_protection","exoskeleton",3,NA,"UBERON","UBERON:0006612","Literature","Heavy carapace"
"Arenicola marina",129868,"morphology","body_protection","soft_bodied",0,NA,"PATO","PATO:0001416","Literature","Soft-bodied + burrowing behavior"
"Hediste diversicolor",130443,"morphology","body_protection","soft_bodied",0,NA,"PATO","PATO:0001416","Literature","Soft-bodied polychaete"
"Gadus morhua",126436,"morphology","body_protection","soft_bodied",0,NA,"PATO","PATO:0001416","Literature","Soft-bodied fish"
"Gasterosteus aculeatus",126141,"morphology","body_protection","spines",2,NA,"PATO","PATO:0002266","Literature","Dorsal spines + lateral plates"
